"Station","Date","Lat","Long","precip_mm","Tmin_C","Tmax_C"
"USC00394651","1911-06-19",43.10013,-101.56581,0,12.2,31.1
"USC00394651","1911-06-20",43.10013,-101.56581,0,17.2,33.3
"USC00394651","1911-06-21",43.10013,-101.56581,0,16.7,33.3
"USC00394651","1911-06-22",43.10013,-101.56581,0,13.3,33.9
"USC00394651","1911-06-23",43.10013,-101.56581,0,15,31.7
"USC00394651","1911-06-24",43.10013,-101.56581,0,13.9,36.7
"USC00394651","1911-06-25",43.10013,-101.56581,0,11.7,33.3
"USC00394651","1911-06-26",43.10013,-101.56581,0,13.9,25
"USC00394651","1911-06-27",43.10013,-101.56581,0,1.1,27.2
"USC00394651","1911-06-28",43.10013,-101.56581,6.4,11.1,34.4
"USC00394651","1911-06-29",43.10013,-101.56581,1.3,16.1,35.6
"USC00394651","1911-06-30",43.10013,-101.56581,0.8,23.3,35.6
"USC00394651","1911-10-01",43.10013,-101.56581,8.6,0.6,23.3
"USC00394651","1911-10-02",43.10013,-101.56581,2.5,5.6,11.7
"USC00394651","1911-10-03",43.10013,-101.56581,4.3,5,16.7
"USC00394651","1911-10-04",43.10013,-101.56581,NA,-3.3,20
"USC00394651","1911-10-05",43.10013,-101.56581,13.5,5.6,14.4
"USC00394651","1911-10-06",43.10013,-101.56581,0,5.6,15
"USC00394651","1911-10-07",43.10013,-101.56581,0,2.2,21.1
"USC00394651","1911-10-08",43.10013,-101.56581,0,-0.6,23.3
"USC00394651","1911-10-09",43.10013,-101.56581,0,-0.6,27.2
"USC00394651","1911-10-10",43.10013,-101.56581,NA,0,25.6
"USC00394651","1911-10-11",43.10013,-101.56581,NA,0,26.7
"USC00394651","1911-10-12",43.10013,-101.56581,NA,1.1,26.7
"USC00394651","1911-10-13",43.10013,-101.56581,NA,-0.6,18.9
"USC00394651","1911-10-14",43.10013,-101.56581,NA,1.1,26.7
"USC00394651","1911-10-15",43.10013,-101.56581,16.8,-1.1,NA
"USC00394651","1911-10-16",43.10013,-101.56581,NA,2.8,14.4
"USC00394651","1911-10-17",43.10013,-101.56581,NA,3.9,22.2
"USC00394651","1911-10-18",43.10013,-101.56581,2.8,3.3,20
"USC00394651","1911-10-19",43.10013,-101.56581,0.3,-2.8,4.4
"USC00394651","1911-10-20",43.10013,-101.56581,NA,-1.1,5
"USC00394651","1911-10-21",43.10013,-101.56581,NA,-11.7,5
"USC00394651","1911-10-22",43.10013,-101.56581,NA,-6.7,10
"USC00394651","1911-10-23",43.10013,-101.56581,NA,-3.3,13.3
"USC00394651","1911-10-24",43.10013,-101.56581,NA,-3.3,7.2
"USC00394651","1911-10-25",43.10013,-101.56581,NA,-6.7,-0.6
"USC00394651","1911-10-26",43.10013,-101.56581,NA,-13.3,-0.6
"USC00394651","1911-10-27",43.10013,-101.56581,NA,-13.3,-0.6
"USC00394651","1911-10-28",43.10013,-101.56581,NA,-9.4,1.1
"USC00394651","1911-10-29",43.10013,-101.56581,NA,-8.3,8.9
"USC00394651","1911-10-30",43.10013,-101.56581,NA,-11.7,7.8
"USC00394651","1911-10-31",43.10013,-101.56581,NA,-12.8,6.1
"USC00394651","1911-11-01",43.10013,-101.56581,3.8,-21.1,0
"USC00394651","1911-11-02",43.10013,-101.56581,NA,-17.8,-1.1
"USC00394651","1911-11-03",43.10013,-101.56581,NA,-10.6,6.1
"USC00394651","1911-11-04",43.10013,-101.56581,NA,-5.6,10
"USC00394651","1911-11-05",43.10013,-101.56581,NA,-7.2,7.8
"USC00394651","1911-11-06",43.10013,-101.56581,NA,-3.3,6.7
"USC00394651","1911-11-07",43.10013,-101.56581,NA,-4.4,12.2
"USC00394651","1911-11-08",43.10013,-101.56581,NA,-1.1,12.8
"USC00394651","1911-11-09",43.10013,-101.56581,6.4,-11.1,2.8
"USC00394651","1911-11-10",43.10013,-101.56581,NA,-12.2,5
"USC00394651","1911-11-11",43.10013,-101.56581,NA,-21.1,-6.7
"USC00394651","1911-11-12",43.10013,-101.56581,NA,-21.1,-7.2
"USC00394651","1911-11-13",43.10013,-101.56581,NA,-12.8,0.6
"USC00394651","1911-11-14",43.10013,-101.56581,NA,-14.4,4.4
"USC00394651","1911-11-15",43.10013,-101.56581,NA,-12.2,8.9
"USC00394651","1911-11-16",43.10013,-101.56581,NA,-7.2,3.3
"USC00394651","1911-11-17",43.10013,-101.56581,NA,-10,3.3
"USC00394651","1911-11-18",43.10013,-101.56581,6.4,-9.4,3.3
"USC00394651","1911-11-19",43.10013,-101.56581,NA,-5.6,8.9
"USC00394651","1911-11-20",43.10013,-101.56581,NA,-1.7,8.9
"USC00394651","1911-11-21",43.10013,-101.56581,NA,-4.4,15.6
"USC00394651","1911-11-22",43.10013,-101.56581,NA,-6.1,15.6
"USC00394651","1911-11-23",43.10013,-101.56581,NA,-9.4,2.2
"USC00394651","1911-11-24",43.10013,-101.56581,NA,-10,3.3
"USC00394651","1911-11-25",43.10013,-101.56581,NA,-4.4,12.2
"USC00394651","1911-11-26",43.10013,-101.56581,NA,-6.7,4.4
"USC00394651","1911-11-27",43.10013,-101.56581,NA,-10.6,-1.1
"USC00394651","1911-11-28",43.10013,-101.56581,5.6,-16.7,-9.4
"USC00394651","1911-11-29",43.10013,-101.56581,NA,-18.3,-8.3
"USC00394651","1911-11-30",43.10013,-101.56581,NA,-11.7,3.3
"USC00394651","1911-12-01",43.10013,-101.56581,0,-8.3,4.4
"USC00394651","1911-12-02",43.10013,-101.56581,0,-8.3,7.8
"USC00394651","1911-12-03",43.10013,-101.56581,0,-8.3,10.6
"USC00394651","1911-12-04",43.10013,-101.56581,0,-6.7,14.4
"USC00394651","1911-12-05",43.10013,-101.56581,0,-3.9,16.1
"USC00394651","1911-12-06",43.10013,-101.56581,0,-7.2,15.6
"USC00394651","1911-12-07",43.10013,-101.56581,0,-10,15.6
"USC00394651","1911-12-08",43.10013,-101.56581,0,-8.9,11.1
"USC00394651","1911-12-09",43.10013,-101.56581,0,-5.6,11.1
"USC00394651","1911-12-10",43.10013,-101.56581,0,-6.7,10.6
"USC00394651","1911-12-11",43.10013,-101.56581,0,-7.8,3.3
"USC00394651","1911-12-12",43.10013,-101.56581,0,-16.1,4.4
"USC00394651","1911-12-13",43.10013,-101.56581,0,-5.6,3.3
"USC00394651","1911-12-14",43.10013,-101.56581,0,-6.7,2.2
"USC00394651","1911-12-15",43.10013,-101.56581,0,-4.4,3.3
"USC00394651","1911-12-16",43.10013,-101.56581,0,NA,1.7
"USC00394651","1911-12-17",43.10013,-101.56581,0,-7.8,4.4
"USC00394651","1911-12-18",43.10013,-101.56581,0,-11.1,-1.1
"USC00394651","1911-12-19",43.10013,-101.56581,0,-14.4,-2.8
"USC00394651","1911-12-20",43.10013,-101.56581,13.2,NA,-4.4
"USC00394651","1911-12-21",43.10013,-101.56581,0,-13.9,-5
"USC00394651","1911-12-22",43.10013,-101.56581,0,-14.4,2.2
"USC00394651","1911-12-23",43.10013,-101.56581,0,-16.1,-6.7
"USC00394651","1911-12-24",43.10013,-101.56581,5.1,-18.9,-12.2
"USC00394651","1911-12-25",43.10013,-101.56581,0,-23.3,-8.9
"USC00394651","1911-12-26",43.10013,-101.56581,0,-23.3,-5.6
"USC00394651","1911-12-27",43.10013,-101.56581,0,-26.7,-10
"USC00394651","1911-12-28",43.10013,-101.56581,0,-28.9,-13.9
"USC00394651","1911-12-29",43.10013,-101.56581,0,-26.7,-11.1
"USC00394651","1911-12-30",43.10013,-101.56581,0,-27.8,-13.3
"USC00394651","1911-12-31",43.10013,-101.56581,0,-30.6,-18.9
"USC00394651","1912-01-01",43.10013,-101.56581,0,-28.3,-7.2
"USC00394651","1912-01-02",43.10013,-101.56581,0,-28.9,-13.3
"USC00394651","1912-01-03",43.10013,-101.56581,0,-31.1,-14.4
"USC00394651","1912-01-04",43.10013,-101.56581,0,-25.6,-7.8
"USC00394651","1912-01-05",43.10013,-101.56581,0,-26.7,-14.4
"USC00394651","1912-01-06",43.10013,-101.56581,0,-33.9,-15.6
"USC00394651","1912-01-07",43.10013,-101.56581,0,-34.4,-15.6
"USC00394651","1912-01-08",43.10013,-101.56581,0,-23.3,-13.9
"USC00394651","1912-01-09",43.10013,-101.56581,0,-23.3,-15.6
"USC00394651","1912-01-10",43.10013,-101.56581,0,-23.3,-15.6
"USC00394651","1912-01-11",43.10013,-101.56581,0,-29.4,-23.3
"USC00394651","1912-01-12",43.10013,-101.56581,0,-33.3,-2.2
"USC00394651","1912-01-13",43.10013,-101.56581,0,-3.3,4.4
"USC00394651","1912-01-14",43.10013,-101.56581,0.5,-17.8,-2.2
"USC00394651","1912-01-15",43.10013,-101.56581,0,-17.8,7.8
"USC00394651","1912-01-16",43.10013,-101.56581,0,-13.3,4.4
"USC00394651","1912-01-17",43.10013,-101.56581,0,-12.2,5.6
"USC00394651","1912-01-18",43.10013,-101.56581,13.5,-10,7.8
"USC00394651","1912-01-19",43.10013,-101.56581,0,-18.9,NA
"USC00394651","1912-01-20",43.10013,-101.56581,0,-21.1,-2.2
"USC00394651","1912-01-21",43.10013,-101.56581,0,-7.2,3.3
"USC00394651","1912-01-22",43.10013,-101.56581,0,-6.7,3.9
"USC00394651","1912-01-23",43.10013,-101.56581,0,-7.2,3.3
"USC00394651","1912-01-24",43.10013,-101.56581,0,-6.1,8.9
"USC00394651","1912-01-25",43.10013,-101.56581,0,-0.6,10
"USC00394651","1912-01-26",43.10013,-101.56581,0,-12.2,7.8
"USC00394651","1912-01-27",43.10013,-101.56581,0,-11.7,1.1
"USC00394651","1912-01-28",43.10013,-101.56581,0,-6.7,8.9
"USC00394651","1912-01-29",43.10013,-101.56581,0,-7.8,6.7
"USC00394651","1912-01-30",43.10013,-101.56581,0,-6.7,2.2
"USC00394651","1912-01-31",43.10013,-101.56581,0,-7.2,0.6
"USC00394651","1912-02-01",43.10013,-101.56581,NA,-14.4,5.6
"USC00394651","1912-02-02",43.10013,-101.56581,0,-15.6,2.2
"USC00394651","1912-02-03",43.10013,-101.56581,0.8,-26.1,0
"USC00394651","1912-02-16",43.10013,-101.56581,0,-6.7,8.9
"USC00394651","1912-02-17",43.10013,-101.56581,NA,-5.6,24.4
"USC00394651","1912-02-18",43.10013,-101.56581,NA,-3.3,8.9
"USC00394651","1912-02-19",43.10013,-101.56581,0.3,-3.3,4.4
"USC00394651","1912-02-20",43.10013,-101.56581,NA,-6.7,0
"USC00394651","1912-02-21",43.10013,-101.56581,NA,-7.8,0
"USC00394651","1912-02-22",43.10013,-101.56581,NA,-12.2,-1.1
"USC00394651","1912-02-23",43.10013,-101.56581,NA,-10,3.3
"USC00394651","1912-02-24",43.10013,-101.56581,NA,-7.2,1.1
"USC00394651","1912-02-25",43.10013,-101.56581,NA,-17.8,2.2
"USC00394651","1912-02-26",43.10013,-101.56581,NA,-11.1,4.4
"USC00394651","1912-02-27",43.10013,-101.56581,NA,-5.6,5
"USC00394651","1912-02-28",43.10013,-101.56581,NA,-17.8,5.6
"USC00394651","1912-02-29",43.10013,-101.56581,NA,-9.4,3.9
"USC00394651","1912-06-01",43.10013,-101.56581,0,2.8,26.7
"USC00394651","1912-06-02",43.10013,-101.56581,0,9.4,29.4
"USC00394651","1912-06-03",43.10013,-101.56581,0,9.4,19.4
"USC00394651","1912-06-04",43.10013,-101.56581,0,7.2,24.4
"USC00394651","1912-06-05",43.10013,-101.56581,0,9.4,23.3
"USC00394651","1912-06-06",43.10013,-101.56581,0,4.4,15.6
"USC00394651","1912-06-07",43.10013,-101.56581,0,8.3,14.4
"USC00394651","1912-06-08",43.10013,-101.56581,0,8.3,14.4
"USC00394651","1912-06-09",43.10013,-101.56581,0,11.1,18.3
"USC00394651","1912-06-10",43.10013,-101.56581,0,13.9,29.4
"USC00394651","1912-06-11",43.10013,-101.56581,0,12.2,26.1
"USC00394651","1912-06-12",43.10013,-101.56581,55.4,11.1,16.7
"USC00394651","1912-06-13",43.10013,-101.56581,0,11.7,26.1
"USC00394651","1912-06-14",43.10013,-101.56581,3.8,11.1,25.6
"USC00394651","1912-06-15",43.10013,-101.56581,2.5,8.3,24.4
"USC00394651","1912-06-16",43.10013,-101.56581,2.5,7.8,15.6
"USC00394651","1912-06-17",43.10013,-101.56581,0,3.3,21.1
"USC00394651","1912-06-18",43.10013,-101.56581,0,3.9,17.8
"USC00394651","1912-06-19",43.10013,-101.56581,0,2.8,25.6
"USC00394651","1912-06-20",43.10013,-101.56581,0,7.2,30
"USC00394651","1912-06-21",43.10013,-101.56581,0,10,23.9
"USC00394651","1912-06-22",43.10013,-101.56581,0,10,26.7
"USC00394651","1912-06-23",43.10013,-101.56581,0,11.1,26.1
"USC00394651","1912-06-24",43.10013,-101.56581,0,11.7,32.2
"USC00394651","1912-06-25",43.10013,-101.56581,0,13.9,37.8
"USC00394651","1912-06-26",43.10013,-101.56581,0,13.3,32.2
"USC00394651","1912-06-27",43.10013,-101.56581,0,16.7,32.8
"USC00394651","1912-06-28",43.10013,-101.56581,0,16.7,38.9
"USC00394651","1912-06-29",43.10013,-101.56581,0,18.3,37.8
"USC00394651","1912-06-30",43.10013,-101.56581,0,17.8,31.1
"USC00394651","1912-07-01",43.10013,-101.56581,19.1,14.4,27.2
"USC00394651","1912-07-02",43.10013,-101.56581,12.2,14.4,27.2
"USC00394651","1912-07-03",43.10013,-101.56581,13.7,14.4,29.4
"USC00394651","1912-07-04",43.10013,-101.56581,26.4,14.4,29.4
"USC00394651","1912-07-05",43.10013,-101.56581,0,8.9,23.9
"USC00394651","1912-07-06",43.10013,-101.56581,NA,18.3,32.8
"USC00394651","1912-07-07",43.10013,-101.56581,NA,18.3,33.3
"USC00394651","1912-07-08",43.10013,-101.56581,6.6,14.4,32.2
"USC00394651","1912-07-09",43.10013,-101.56581,NA,14.4,27.2
"USC00394651","1912-07-10",43.10013,-101.56581,10.2,10.6,24.4
"USC00394651","1912-07-11",43.10013,-101.56581,NA,14.4,32.2
"USC00394651","1912-07-12",43.10013,-101.56581,NA,15.6,26.1
"USC00394651","1912-07-13",43.10013,-101.56581,NA,12.8,31.7
"USC00394651","1912-07-14",43.10013,-101.56581,NA,15.6,27.2
"USC00394651","1912-07-15",43.10013,-101.56581,NA,4.4,23.9
"USC00394651","1912-07-16",43.10013,-101.56581,NA,14.4,32.8
"USC00394651","1912-07-17",43.10013,-101.56581,NA,13.3,21.1
"USC00394651","1912-07-18",43.10013,-101.56581,NA,12.8,20
"USC00394651","1912-07-19",43.10013,-101.56581,NA,15.6,28.3
"USC00394651","1912-07-20",43.10013,-101.56581,3,17.2,21.7
"USC00394651","1912-07-21",43.10013,-101.56581,NA,13.9,31.1
"USC00394651","1912-07-22",43.10013,-101.56581,NA,23.3,33.3
"USC00394651","1912-07-23",43.10013,-101.56581,NA,21.1,30
"USC00394651","1912-07-24",43.10013,-101.56581,NA,13.3,31.1
"USC00394651","1912-07-25",43.10013,-101.56581,5.8,15,30
"USC00394651","1912-07-26",43.10013,-101.56581,NA,18.3,26.1
"USC00394651","1912-07-27",43.10013,-101.56581,NA,18.3,30.6
"USC00394651","1912-07-28",43.10013,-101.56581,NA,16.7,31.7
"USC00394651","1912-07-29",43.10013,-101.56581,NA,17.2,36.7
"USC00394651","1912-07-30",43.10013,-101.56581,NA,13.3,30
"USC00394651","1912-07-31",43.10013,-101.56581,NA,15.6,31.1
"USC00394651","1912-08-01",43.10013,-101.56581,0,15,26.7
"USC00394651","1912-08-02",43.10013,-101.56581,0,14.4,21.1
"USC00394651","1912-08-03",43.10013,-101.56581,14,13.3,17.8
"USC00394651","1912-08-04",43.10013,-101.56581,1,15,25.6
"USC00394651","1912-08-05",43.10013,-101.56581,0,15,31.1
"USC00394651","1912-08-06",43.10013,-101.56581,3.3,13.3,24.4
"USC00394651","1912-08-07",43.10013,-101.56581,1,12.2,20
"USC00394651","1912-08-08",43.10013,-101.56581,0,9.4,22.2
"USC00394651","1912-08-09",43.10013,-101.56581,0,7.2,28.3
"USC00394651","1912-08-10",43.10013,-101.56581,0,9.4,35
"USC00394651","1912-08-11",43.10013,-101.56581,0,9.4,35
"USC00394651","1912-08-12",43.10013,-101.56581,0,9.4,26.1
"USC00394651","1912-08-13",43.10013,-101.56581,0,NA,NA
"USC00394651","1912-08-14",43.10013,-101.56581,0,11.1,28.3
"USC00394651","1912-08-15",43.10013,-101.56581,0,11.7,25
"USC00394651","1912-08-16",43.10013,-101.56581,18,12.8,27.8
"USC00394651","1912-08-17",43.10013,-101.56581,0,17.8,30
"USC00394651","1912-08-18",43.10013,-101.56581,9.1,15.6,31.1
"USC00394651","1912-08-19",43.10013,-101.56581,0,NA,NA
"USC00394651","1912-08-20",43.10013,-101.56581,0,14.4,26.7
"USC00394651","1912-08-21",43.10013,-101.56581,0,NA,NA
"USC00394651","1912-08-22",43.10013,-101.56581,0,NA,NA
"USC00394651","1912-08-23",43.10013,-101.56581,0,NA,NA
"USC00394651","1912-08-24",43.10013,-101.56581,0,NA,NA
"USC00394651","1912-08-25",43.10013,-101.56581,0,8.9,35.6
"USC00394651","1912-08-26",43.10013,-101.56581,0,12.2,26.7
"USC00394651","1912-08-27",43.10013,-101.56581,0,13.9,33.9
"USC00394651","1912-08-28",43.10013,-101.56581,0,10,33.3
"USC00394651","1912-08-29",43.10013,-101.56581,0,10,31.7
"USC00394651","1912-08-30",43.10013,-101.56581,0,12.8,20
"USC00394651","1912-08-31",43.10013,-101.56581,0,11.1,29.4
"USC00394651","1948-08-01",43.10013,-101.56581,19.1,NA,NA
"USC00394651","1948-08-02",43.10013,-101.56581,0,NA,NA
"USC00394651","1948-08-03",43.10013,-101.56581,0,NA,NA
"USC00394651","1948-08-04",43.10013,-101.56581,0.8,NA,NA
"USC00394651","1948-08-05",43.10013,-101.56581,0,NA,NA
"USC00394651","1948-08-06",43.10013,-101.56581,0,NA,NA
"USC00394651","1948-08-07",43.10013,-101.56581,0,NA,NA
"USC00394651","1948-08-08",43.10013,-101.56581,0.5,NA,NA
"USC00394651","1948-08-09",43.10013,-101.56581,6.6,NA,NA
"USC00394651","1948-08-10",43.10013,-101.56581,16,NA,NA
"USC00394651","1948-08-11",43.10013,-101.56581,24.1,NA,NA
"USC00394651","1948-08-12",43.10013,-101.56581,17,NA,NA
"USC00394651","1948-08-13",43.10013,-101.56581,5.3,NA,NA
"USC00394651","1948-08-14",43.10013,-101.56581,0.5,NA,NA
"USC00394651","1948-08-15",43.10013,-101.56581,0,NA,NA
"USC00394651","1948-08-16",43.10013,-101.56581,0,NA,NA
"USC00394651","1948-08-17",43.10013,-101.56581,0,NA,NA
"USC00394651","1948-08-18",43.10013,-101.56581,0,NA,NA
"USC00394651","1948-08-19",43.10013,-101.56581,0,NA,NA
"USC00394651","1948-08-20",43.10013,-101.56581,0,NA,NA
"USC00394651","1948-08-21",43.10013,-101.56581,0,NA,NA
"USC00394651","1948-08-22",43.10013,-101.56581,0,NA,NA
"USC00394651","1948-08-23",43.10013,-101.56581,0,NA,NA
"USC00394651","1948-08-24",43.10013,-101.56581,0,NA,NA
"USC00394651","1948-08-25",43.10013,-101.56581,0,NA,NA
"USC00394651","1948-08-26",43.10013,-101.56581,0,NA,NA
"USC00394651","1948-08-27",43.10013,-101.56581,0,NA,NA
"USC00394651","1948-08-28",43.10013,-101.56581,0,NA,NA
"USC00394651","1948-08-29",43.10013,-101.56581,0,NA,NA
"USC00394651","1948-08-30",43.10013,-101.56581,0,NA,NA
"USC00394651","1948-08-31",43.10013,-101.56581,0,NA,NA
"USC00394651","1948-09-01",43.10013,-101.56581,0,NA,NA
"USC00394651","1948-09-02",43.10013,-101.56581,0,NA,NA
"USC00394651","1948-09-03",43.10013,-101.56581,0,NA,NA
"USC00394651","1948-09-04",43.10013,-101.56581,0,NA,NA
"USC00394651","1948-09-05",43.10013,-101.56581,0,NA,NA
"USC00394651","1948-09-07",43.10013,-101.56581,NA,NA,NA
"USC00394651","1948-09-08",43.10013,-101.56581,0,NA,NA
"USC00394651","1948-09-09",43.10013,-101.56581,0,NA,NA
"USC00394651","1948-09-10",43.10013,-101.56581,0,NA,NA
"USC00394651","1948-09-11",43.10013,-101.56581,0,NA,NA
"USC00394651","1948-09-12",43.10013,-101.56581,0,NA,NA
"USC00394651","1948-09-13",43.10013,-101.56581,0,NA,NA
"USC00394651","1948-09-14",43.10013,-101.56581,0,NA,NA
"USC00394651","1948-09-15",43.10013,-101.56581,0,NA,NA
"USC00394651","1948-09-16",43.10013,-101.56581,0,NA,NA
"USC00394651","1948-09-17",43.10013,-101.56581,0,NA,NA
"USC00394651","1948-09-18",43.10013,-101.56581,0,NA,NA
"USC00394651","1948-09-19",43.10013,-101.56581,0,NA,NA
"USC00394651","1948-09-20",43.10013,-101.56581,0,NA,NA
"USC00394651","1948-09-21",43.10013,-101.56581,0,NA,NA
"USC00394651","1948-09-23",43.10013,-101.56581,NA,NA,NA
"USC00394651","1948-09-24",43.10013,-101.56581,0,NA,NA
"USC00394651","1948-09-25",43.10013,-101.56581,0,NA,NA
"USC00394651","1948-09-26",43.10013,-101.56581,0,NA,NA
"USC00394651","1948-09-27",43.10013,-101.56581,0,NA,NA
"USC00394651","1948-09-28",43.10013,-101.56581,0,NA,NA
"USC00394651","1948-09-29",43.10013,-101.56581,0,NA,NA
"USC00394651","1948-09-30",43.10013,-101.56581,0,NA,NA
"USC00394651","1948-10-01",43.10013,-101.56581,0,NA,NA
"USC00394651","1948-10-02",43.10013,-101.56581,0,NA,NA
"USC00394651","1948-10-03",43.10013,-101.56581,0,NA,NA
"USC00394651","1948-10-04",43.10013,-101.56581,0,NA,NA
"USC00394651","1948-10-05",43.10013,-101.56581,1.3,NA,NA
"USC00394651","1948-10-06",43.10013,-101.56581,0,NA,NA
"USC00394651","1948-10-07",43.10013,-101.56581,0,NA,NA
"USC00394651","1948-10-08",43.10013,-101.56581,0,NA,NA
"USC00394651","1948-10-09",43.10013,-101.56581,0,NA,NA
"USC00394651","1948-10-10",43.10013,-101.56581,0,NA,NA
"USC00394651","1948-10-11",43.10013,-101.56581,0,NA,NA
"USC00394651","1948-10-12",43.10013,-101.56581,0,NA,NA
"USC00394651","1948-10-13",43.10013,-101.56581,0,NA,NA
"USC00394651","1948-10-14",43.10013,-101.56581,0,NA,NA
"USC00394651","1948-10-15",43.10013,-101.56581,0,NA,NA
"USC00394651","1948-10-16",43.10013,-101.56581,0,NA,NA
"USC00394651","1948-10-17",43.10013,-101.56581,0,NA,NA
"USC00394651","1948-10-18",43.10013,-101.56581,0,NA,NA
"USC00394651","1948-10-19",43.10013,-101.56581,0,NA,NA
"USC00394651","1948-10-20",43.10013,-101.56581,0,NA,NA
"USC00394651","1948-10-21",43.10013,-101.56581,0,NA,NA
"USC00394651","1948-10-22",43.10013,-101.56581,0,NA,NA
"USC00394651","1948-10-23",43.10013,-101.56581,0,NA,NA
"USC00394651","1948-10-24",43.10013,-101.56581,0,NA,NA
"USC00394651","1948-10-25",43.10013,-101.56581,0,NA,NA
"USC00394651","1948-10-26",43.10013,-101.56581,0,NA,NA
"USC00394651","1948-10-27",43.10013,-101.56581,0,NA,NA
"USC00394651","1948-10-28",43.10013,-101.56581,1,NA,NA
"USC00394651","1948-10-29",43.10013,-101.56581,19.8,NA,NA
"USC00394651","1948-10-30",43.10013,-101.56581,0.8,NA,NA
"USC00394651","1948-10-31",43.10013,-101.56581,0,NA,NA
"USC00394651","1948-11-01",43.10013,-101.56581,0,NA,NA
"USC00394651","1948-11-02",43.10013,-101.56581,0,NA,NA
"USC00394651","1948-11-03",43.10013,-101.56581,0,NA,NA
"USC00394651","1948-11-04",43.10013,-101.56581,3,NA,NA
"USC00394651","1948-11-05",43.10013,-101.56581,2.8,NA,NA
"USC00394651","1948-11-06",43.10013,-101.56581,0,NA,NA
"USC00394651","1948-11-07",43.10013,-101.56581,2.3,NA,NA
"USC00394651","1948-11-08",43.10013,-101.56581,0,NA,NA
"USC00394651","1948-11-09",43.10013,-101.56581,1,NA,NA
"USC00394651","1948-11-10",43.10013,-101.56581,0.8,NA,NA
"USC00394651","1948-11-11",43.10013,-101.56581,0,NA,NA
"USC00394651","1948-11-12",43.10013,-101.56581,0,NA,NA
"USC00394651","1948-11-13",43.10013,-101.56581,0,NA,NA
"USC00394651","1948-11-14",43.10013,-101.56581,0,NA,NA
"USC00394651","1948-11-15",43.10013,-101.56581,0,NA,NA
"USC00394651","1948-11-16",43.10013,-101.56581,0,NA,NA
"USC00394651","1948-11-17",43.10013,-101.56581,0,NA,NA
"USC00394651","1948-11-18",43.10013,-101.56581,5.1,NA,NA
"USC00394651","1948-11-19",43.10013,-101.56581,0.3,NA,NA
"USC00394651","1948-11-20",43.10013,-101.56581,0,NA,NA
"USC00394651","1948-11-21",43.10013,-101.56581,0,NA,NA
"USC00394651","1948-11-22",43.10013,-101.56581,0.3,NA,NA
"USC00394651","1948-11-23",43.10013,-101.56581,0.8,NA,NA
"USC00394651","1948-11-24",43.10013,-101.56581,1.3,NA,NA
"USC00394651","1948-11-25",43.10013,-101.56581,0,NA,NA
"USC00394651","1948-11-26",43.10013,-101.56581,0,NA,NA
"USC00394651","1948-11-27",43.10013,-101.56581,0,NA,NA
"USC00394651","1948-11-28",43.10013,-101.56581,0,NA,NA
"USC00394651","1948-11-29",43.10013,-101.56581,0,NA,NA
"USC00394651","1948-11-30",43.10013,-101.56581,0,NA,NA
"USC00394651","1948-12-01",43.10013,-101.56581,0,NA,NA
"USC00394651","1948-12-02",43.10013,-101.56581,0,NA,NA
"USC00394651","1948-12-03",43.10013,-101.56581,0,NA,NA
"USC00394651","1948-12-04",43.10013,-101.56581,0.3,NA,NA
"USC00394651","1948-12-05",43.10013,-101.56581,0.3,NA,NA
"USC00394651","1948-12-06",43.10013,-101.56581,0,NA,NA
"USC00394651","1948-12-07",43.10013,-101.56581,0,NA,NA
"USC00394651","1948-12-08",43.10013,-101.56581,0,NA,NA
"USC00394651","1948-12-09",43.10013,-101.56581,0,NA,NA
"USC00394651","1948-12-10",43.10013,-101.56581,0,NA,NA
"USC00394651","1948-12-11",43.10013,-101.56581,0,NA,NA
"USC00394651","1948-12-12",43.10013,-101.56581,0,NA,NA
"USC00394651","1948-12-13",43.10013,-101.56581,0,NA,NA
"USC00394651","1948-12-14",43.10013,-101.56581,0,NA,NA
"USC00394651","1948-12-15",43.10013,-101.56581,0,NA,NA
"USC00394651","1948-12-16",43.10013,-101.56581,0,NA,NA
"USC00394651","1948-12-17",43.10013,-101.56581,0,NA,NA
"USC00394651","1948-12-18",43.10013,-101.56581,0,NA,NA
"USC00394651","1948-12-19",43.10013,-101.56581,0,NA,NA
"USC00394651","1948-12-20",43.10013,-101.56581,0,NA,NA
"USC00394651","1948-12-21",43.10013,-101.56581,0,NA,NA
"USC00394651","1948-12-22",43.10013,-101.56581,0,NA,NA
"USC00394651","1948-12-23",43.10013,-101.56581,0.5,NA,NA
"USC00394651","1948-12-24",43.10013,-101.56581,5.3,NA,NA
"USC00394651","1948-12-25",43.10013,-101.56581,0.8,NA,NA
"USC00394651","1948-12-26",43.10013,-101.56581,0,NA,NA
"USC00394651","1948-12-27",43.10013,-101.56581,0,NA,NA
"USC00394651","1948-12-28",43.10013,-101.56581,0,NA,NA
"USC00394651","1948-12-29",43.10013,-101.56581,0,NA,NA
"USC00394651","1948-12-30",43.10013,-101.56581,0,NA,NA
"USC00394651","1948-12-31",43.10013,-101.56581,0,NA,NA
"USC00394651","1949-05-08",43.10013,-101.56581,0,NA,NA
"USC00394651","1949-05-09",43.10013,-101.56581,0,NA,NA
"USC00394651","1949-05-10",43.10013,-101.56581,0,NA,NA
"USC00394651","1949-05-11",43.10013,-101.56581,0,NA,NA
"USC00394651","1949-05-12",43.10013,-101.56581,0,NA,NA
"USC00394651","1949-05-13",43.10013,-101.56581,0,NA,NA
"USC00394651","1949-05-14",43.10013,-101.56581,0,NA,NA
"USC00394651","1949-05-15",43.10013,-101.56581,0,NA,NA
"USC00394651","1949-05-16",43.10013,-101.56581,12.4,NA,NA
"USC00394651","1949-05-17",43.10013,-101.56581,1.5,NA,NA
"USC00394651","1949-05-18",43.10013,-101.56581,0,NA,NA
"USC00394651","1949-05-19",43.10013,-101.56581,0,NA,NA
"USC00394651","1949-05-20",43.10013,-101.56581,0.5,NA,NA
"USC00394651","1949-05-21",43.10013,-101.56581,3.8,NA,NA
"USC00394651","1949-05-22",43.10013,-101.56581,3.3,NA,NA
"USC00394651","1949-05-23",43.10013,-101.56581,9.1,NA,NA
"USC00394651","1949-05-24",43.10013,-101.56581,0,NA,NA
"USC00394651","1949-05-25",43.10013,-101.56581,0,NA,NA
"USC00394651","1949-05-26",43.10013,-101.56581,0,NA,NA
"USC00394651","1949-05-27",43.10013,-101.56581,0,NA,NA
"USC00394651","1949-05-28",43.10013,-101.56581,0,NA,NA
"USC00394651","1949-05-29",43.10013,-101.56581,4.3,NA,NA
"USC00394651","1949-05-30",43.10013,-101.56581,0.5,NA,NA
"USC00394651","1949-05-31",43.10013,-101.56581,0,NA,NA
"USC00394651","1949-06-01",43.10013,-101.56581,0,NA,NA
"USC00394651","1949-06-02",43.10013,-101.56581,0,NA,NA
"USC00394651","1949-06-03",43.10013,-101.56581,0,NA,NA
"USC00394651","1949-06-04",43.10013,-101.56581,0,NA,NA
"USC00394651","1949-06-05",43.10013,-101.56581,0,NA,NA
"USC00394651","1949-06-06",43.10013,-101.56581,1.3,NA,NA
"USC00394651","1949-06-07",43.10013,-101.56581,0,NA,NA
"USC00394651","1949-06-08",43.10013,-101.56581,0,NA,NA
"USC00394651","1949-06-09",43.10013,-101.56581,0,NA,NA
"USC00394651","1949-06-10",43.10013,-101.56581,0,NA,NA
"USC00394651","1949-06-11",43.10013,-101.56581,0,NA,NA
"USC00394651","1949-06-12",43.10013,-101.56581,0,NA,NA
"USC00394651","1949-06-13",43.10013,-101.56581,5.8,NA,NA
"USC00394651","1949-06-14",43.10013,-101.56581,5.1,NA,NA
"USC00394651","1949-06-15",43.10013,-101.56581,0,NA,NA
"USC00394651","1949-06-16",43.10013,-101.56581,0,NA,NA
"USC00394651","1949-06-17",43.10013,-101.56581,0,NA,NA
"USC00394651","1949-06-18",43.10013,-101.56581,2.5,NA,NA
"USC00394651","1949-06-19",43.10013,-101.56581,0,NA,NA
"USC00394651","1949-06-20",43.10013,-101.56581,3,NA,NA
"USC00394651","1949-06-21",43.10013,-101.56581,0,NA,NA
"USC00394651","1949-06-22",43.10013,-101.56581,0,NA,NA
"USC00394651","1949-06-23",43.10013,-101.56581,0,NA,NA
"USC00394651","1949-06-24",43.10013,-101.56581,1.3,NA,NA
"USC00394651","1949-06-25",43.10013,-101.56581,0,NA,NA
"USC00394651","1949-06-26",43.10013,-101.56581,2.5,NA,NA
"USC00394651","1949-06-27",43.10013,-101.56581,0,NA,NA
"USC00394651","1949-06-28",43.10013,-101.56581,14,NA,NA
"USC00394651","1949-06-29",43.10013,-101.56581,0,NA,NA
"USC00394651","1949-06-30",43.10013,-101.56581,0,NA,NA
"USC00394651","1949-07-01",43.10013,-101.56581,0,NA,NA
"USC00394651","1949-07-02",43.10013,-101.56581,0,NA,NA
"USC00394651","1949-07-03",43.10013,-101.56581,0,NA,NA
"USC00394651","1949-07-04",43.10013,-101.56581,0,NA,NA
"USC00394651","1949-07-05",43.10013,-101.56581,16.8,NA,NA
"USC00394651","1949-07-06",43.10013,-101.56581,0,NA,NA
"USC00394651","1949-07-07",43.10013,-101.56581,0,NA,NA
"USC00394651","1949-07-08",43.10013,-101.56581,3.3,NA,NA
"USC00394651","1949-07-09",43.10013,-101.56581,0,NA,NA
"USC00394651","1949-07-10",43.10013,-101.56581,0.3,NA,NA
"USC00394651","1949-07-11",43.10013,-101.56581,0,NA,NA
"USC00394651","1949-07-12",43.10013,-101.56581,0,NA,NA
"USC00394651","1949-07-13",43.10013,-101.56581,1,NA,NA
"USC00394651","1949-07-14",43.10013,-101.56581,0,NA,NA
"USC00394651","1949-07-15",43.10013,-101.56581,0,NA,NA
"USC00394651","1949-07-16",43.10013,-101.56581,0,NA,NA
"USC00394651","1949-07-17",43.10013,-101.56581,0,NA,NA
"USC00394651","1949-07-18",43.10013,-101.56581,0,NA,NA
"USC00394651","1949-07-19",43.10013,-101.56581,15.2,NA,NA
"USC00394651","1949-07-20",43.10013,-101.56581,0,NA,NA
"USC00394651","1949-07-21",43.10013,-101.56581,0,NA,NA
"USC00394651","1949-07-22",43.10013,-101.56581,0,NA,NA
"USC00394651","1949-07-23",43.10013,-101.56581,0,NA,NA
"USC00394651","1949-07-24",43.10013,-101.56581,0,NA,NA
"USC00394651","1949-07-25",43.10013,-101.56581,0,NA,NA
"USC00394651","1949-07-26",43.10013,-101.56581,0,NA,NA
"USC00394651","1949-07-27",43.10013,-101.56581,1,NA,NA
"USC00394651","1949-07-28",43.10013,-101.56581,0,NA,NA
"USC00394651","1949-07-29",43.10013,-101.56581,0,NA,NA
"USC00394651","1949-07-30",43.10013,-101.56581,0,NA,NA
"USC00394651","1949-07-31",43.10013,-101.56581,0,NA,NA
"USC00394651","1949-08-01",43.10013,-101.56581,0,NA,NA
"USC00394651","1949-08-02",43.10013,-101.56581,0,NA,NA
"USC00394651","1949-08-03",43.10013,-101.56581,0,NA,NA
"USC00394651","1949-08-04",43.10013,-101.56581,0,NA,NA
"USC00394651","1949-08-05",43.10013,-101.56581,0,NA,NA
"USC00394651","1949-08-06",43.10013,-101.56581,0,NA,NA
"USC00394651","1949-08-07",43.10013,-101.56581,0,NA,NA
"USC00394651","1949-08-08",43.10013,-101.56581,0,NA,NA
"USC00394651","1949-08-09",43.10013,-101.56581,0,NA,NA
"USC00394651","1949-08-10",43.10013,-101.56581,0,NA,NA
"USC00394651","1949-08-11",43.10013,-101.56581,0,NA,NA
"USC00394651","1949-08-12",43.10013,-101.56581,0,NA,NA
"USC00394651","1949-08-13",43.10013,-101.56581,0,NA,NA
"USC00394651","1949-08-14",43.10013,-101.56581,7.1,NA,NA
"USC00394651","1949-08-15",43.10013,-101.56581,1,NA,NA
"USC00394651","1949-08-16",43.10013,-101.56581,16,NA,NA
"USC00394651","1949-08-17",43.10013,-101.56581,1.5,NA,NA
"USC00394651","1949-08-18",43.10013,-101.56581,7.6,NA,NA
"USC00394651","1949-08-19",43.10013,-101.56581,8.4,NA,NA
"USC00394651","1949-08-20",43.10013,-101.56581,0,NA,NA
"USC00394651","1949-08-21",43.10013,-101.56581,0,NA,NA
"USC00394651","1949-08-22",43.10013,-101.56581,0,NA,NA
"USC00394651","1949-08-23",43.10013,-101.56581,0,NA,NA
"USC00394651","1949-08-24",43.10013,-101.56581,0,NA,NA
"USC00394651","1949-08-25",43.10013,-101.56581,0,NA,NA
"USC00394651","1949-08-26",43.10013,-101.56581,0,NA,NA
"USC00394651","1949-08-27",43.10013,-101.56581,0,NA,NA
"USC00394651","1949-08-28",43.10013,-101.56581,0,NA,NA
"USC00394651","1949-08-29",43.10013,-101.56581,0,NA,NA
"USC00394651","1949-08-30",43.10013,-101.56581,0,NA,NA
"USC00394651","1949-08-31",43.10013,-101.56581,0,NA,NA
"USC00394651","1949-09-01",43.10013,-101.56581,0,NA,NA
"USC00394651","1949-09-02",43.10013,-101.56581,0,NA,NA
"USC00394651","1949-09-03",43.10013,-101.56581,0.8,NA,NA
"USC00394651","1949-09-04",43.10013,-101.56581,0,NA,NA
"USC00394651","1949-09-05",43.10013,-101.56581,3.3,NA,NA
"USC00394651","1949-09-06",43.10013,-101.56581,5.1,NA,NA
"USC00394651","1949-09-07",43.10013,-101.56581,1.5,NA,NA
"USC00394651","1949-09-08",43.10013,-101.56581,0,NA,NA
"USC00394651","1949-09-09",43.10013,-101.56581,0,NA,NA
"USC00394651","1949-09-10",43.10013,-101.56581,0.5,NA,NA
"USC00394651","1949-09-11",43.10013,-101.56581,0,NA,NA
"USC00394651","1949-09-12",43.10013,-101.56581,8.6,NA,NA
"USC00394651","1949-09-13",43.10013,-101.56581,0,NA,NA
"USC00394651","1949-09-14",43.10013,-101.56581,0,NA,NA
"USC00394651","1949-09-15",43.10013,-101.56581,0,NA,NA
"USC00394651","1949-09-16",43.10013,-101.56581,0,NA,NA
"USC00394651","1949-09-17",43.10013,-101.56581,0,NA,NA
"USC00394651","1949-09-18",43.10013,-101.56581,0,NA,NA
"USC00394651","1949-09-19",43.10013,-101.56581,0,NA,NA
"USC00394651","1949-09-20",43.10013,-101.56581,0,NA,NA
"USC00394651","1949-09-21",43.10013,-101.56581,0,NA,NA
"USC00394651","1949-09-22",43.10013,-101.56581,0,NA,NA
"USC00394651","1949-09-23",43.10013,-101.56581,0,NA,NA
"USC00394651","1949-09-24",43.10013,-101.56581,0,NA,NA
"USC00394651","1949-09-25",43.10013,-101.56581,0,NA,NA
"USC00394651","1949-09-26",43.10013,-101.56581,0,NA,NA
"USC00394651","1949-09-27",43.10013,-101.56581,0,NA,NA
"USC00394651","1949-09-28",43.10013,-101.56581,0,NA,NA
"USC00394651","1949-09-29",43.10013,-101.56581,0,NA,NA
"USC00394651","1949-09-30",43.10013,-101.56581,10.4,NA,NA
"USC00394651","1949-10-01",43.10013,-101.56581,1,NA,NA
"USC00394651","1949-10-02",43.10013,-101.56581,0,NA,NA
"USC00394651","1949-10-03",43.10013,-101.56581,0,NA,NA
"USC00394651","1949-10-04",43.10013,-101.56581,0,NA,NA
"USC00394651","1949-10-05",43.10013,-101.56581,9.7,NA,NA
"USC00394651","1949-10-06",43.10013,-101.56581,5.3,NA,NA
"USC00394651","1949-10-10",43.10013,-101.56581,NA,NA,NA
"USC00394651","1949-10-11",43.10013,-101.56581,0,NA,NA
"USC00394651","1949-10-12",43.10013,-101.56581,0,NA,NA
"USC00394651","1949-10-13",43.10013,-101.56581,5.3,NA,NA
"USC00394651","1949-10-14",43.10013,-101.56581,0,NA,NA
"USC00394651","1949-10-15",43.10013,-101.56581,0,NA,NA
"USC00394651","1949-10-16",43.10013,-101.56581,0,NA,NA
"USC00394651","1949-10-17",43.10013,-101.56581,0,NA,NA
"USC00394651","1949-10-18",43.10013,-101.56581,5.6,NA,NA
"USC00394651","1949-10-19",43.10013,-101.56581,15.5,NA,NA
"USC00394651","1949-10-20",43.10013,-101.56581,1.3,NA,NA
"USC00394651","1949-10-21",43.10013,-101.56581,0,NA,NA
"USC00394651","1949-10-22",43.10013,-101.56581,0,NA,NA
"USC00394651","1949-10-23",43.10013,-101.56581,0,NA,NA
"USC00394651","1949-10-24",43.10013,-101.56581,0,NA,NA
"USC00394651","1949-10-25",43.10013,-101.56581,0,NA,NA
"USC00394651","1949-10-26",43.10013,-101.56581,0,NA,NA
"USC00394651","1949-10-27",43.10013,-101.56581,0,NA,NA
"USC00394651","1949-10-28",43.10013,-101.56581,0,NA,NA
"USC00394651","1949-10-29",43.10013,-101.56581,0,NA,NA
"USC00394651","1949-10-30",43.10013,-101.56581,0,NA,NA
"USC00394651","1949-10-31",43.10013,-101.56581,0,NA,NA
"USC00394651","1949-11-01",43.10013,-101.56581,0,NA,NA
"USC00394651","1949-11-02",43.10013,-101.56581,0,NA,NA
"USC00394651","1949-11-03",43.10013,-101.56581,0,NA,NA
"USC00394651","1949-11-04",43.10013,-101.56581,0,NA,NA
"USC00394651","1949-11-05",43.10013,-101.56581,0,NA,NA
"USC00394651","1949-11-06",43.10013,-101.56581,0,NA,NA
"USC00394651","1949-11-07",43.10013,-101.56581,0,NA,NA
"USC00394651","1949-11-08",43.10013,-101.56581,0,NA,NA
"USC00394651","1949-11-09",43.10013,-101.56581,0,NA,NA
"USC00394651","1949-11-10",43.10013,-101.56581,0,NA,NA
"USC00394651","1949-11-11",43.10013,-101.56581,3.3,NA,NA
"USC00394651","1949-11-12",43.10013,-101.56581,0,NA,NA
"USC00394651","1949-11-13",43.10013,-101.56581,0,NA,NA
"USC00394651","1949-11-14",43.10013,-101.56581,1,NA,NA
"USC00394651","1949-11-15",43.10013,-101.56581,0,NA,NA
"USC00394651","1949-11-16",43.10013,-101.56581,0,NA,NA
"USC00394651","1949-11-17",43.10013,-101.56581,0,NA,NA
"USC00394651","1949-11-18",43.10013,-101.56581,0,NA,NA
"USC00394651","1949-11-19",43.10013,-101.56581,0,NA,NA
"USC00394651","1949-11-20",43.10013,-101.56581,0,NA,NA
"USC00394651","1949-11-21",43.10013,-101.56581,0,NA,NA
"USC00394651","1949-11-22",43.10013,-101.56581,0,NA,NA
"USC00394651","1949-11-23",43.10013,-101.56581,2,NA,NA
"USC00394651","1949-11-24",43.10013,-101.56581,0.5,NA,NA
"USC00394651","1949-11-25",43.10013,-101.56581,0,NA,NA
"USC00394651","1949-11-26",43.10013,-101.56581,0,NA,NA
"USC00394651","1949-11-27",43.10013,-101.56581,0,NA,NA
"USC00394651","1949-11-28",43.10013,-101.56581,0,NA,NA
"USC00394651","1949-11-29",43.10013,-101.56581,0,NA,NA
"USC00394651","1949-11-30",43.10013,-101.56581,0,NA,NA
"USC00394651","1949-12-01",43.10013,-101.56581,0,NA,NA
"USC00394651","1949-12-02",43.10013,-101.56581,0,NA,NA
"USC00394651","1949-12-03",43.10013,-101.56581,0,NA,NA
"USC00394651","1949-12-04",43.10013,-101.56581,0,NA,NA
"USC00394651","1949-12-05",43.10013,-101.56581,0,NA,NA
"USC00394651","1949-12-06",43.10013,-101.56581,0,NA,NA
"USC00394651","1949-12-07",43.10013,-101.56581,0,NA,NA
"USC00394651","1949-12-08",43.10013,-101.56581,0,NA,NA
"USC00394651","1949-12-09",43.10013,-101.56581,0,NA,NA
"USC00394651","1949-12-11",43.10013,-101.56581,NA,NA,NA
"USC00394651","1949-12-12",43.10013,-101.56581,0,NA,NA
"USC00394651","1949-12-13",43.10013,-101.56581,0,NA,NA
"USC00394651","1949-12-14",43.10013,-101.56581,0,NA,NA
"USC00394651","1949-12-15",43.10013,-101.56581,0,NA,NA
"USC00394651","1949-12-16",43.10013,-101.56581,0,NA,NA
"USC00394651","1949-12-17",43.10013,-101.56581,0,NA,NA
"USC00394651","1949-12-18",43.10013,-101.56581,0,NA,NA
"USC00394651","1949-12-19",43.10013,-101.56581,0,NA,NA
"USC00394651","1949-12-20",43.10013,-101.56581,0,NA,NA
"USC00394651","1949-12-21",43.10013,-101.56581,0.3,NA,NA
"USC00394651","1949-12-22",43.10013,-101.56581,0,NA,NA
"USC00394651","1949-12-23",43.10013,-101.56581,0,NA,NA
"USC00394651","1949-12-24",43.10013,-101.56581,0,NA,NA
"USC00394651","1949-12-25",43.10013,-101.56581,0,NA,NA
"USC00394651","1949-12-26",43.10013,-101.56581,0,NA,NA
"USC00394651","1949-12-27",43.10013,-101.56581,0,NA,NA
"USC00394651","1949-12-28",43.10013,-101.56581,0,NA,NA
"USC00394651","1949-12-29",43.10013,-101.56581,0,NA,NA
"USC00394651","1949-12-30",43.10013,-101.56581,0,NA,NA
"USC00394651","1949-12-31",43.10013,-101.56581,0,NA,NA
"USC00394651","1950-01-01",43.10013,-101.56581,0,NA,NA
"USC00394651","1950-01-02",43.10013,-101.56581,0,NA,NA
"USC00394651","1950-01-03",43.10013,-101.56581,0.8,NA,NA
"USC00394651","1950-01-04",43.10013,-101.56581,0,NA,NA
"USC00394651","1950-01-05",43.10013,-101.56581,0,NA,NA
"USC00394651","1950-01-06",43.10013,-101.56581,0,NA,NA
"USC00394651","1950-01-07",43.10013,-101.56581,0,NA,NA
"USC00394651","1950-01-08",43.10013,-101.56581,0,NA,NA
"USC00394651","1950-01-09",43.10013,-101.56581,0,NA,NA
"USC00394651","1950-01-10",43.10013,-101.56581,0,NA,NA
"USC00394651","1950-01-11",43.10013,-101.56581,0,NA,NA
"USC00394651","1950-01-12",43.10013,-101.56581,0,NA,NA
"USC00394651","1950-01-13",43.10013,-101.56581,0,NA,NA
"USC00394651","1950-01-14",43.10013,-101.56581,0,NA,NA
"USC00394651","1950-01-15",43.10013,-101.56581,0,NA,NA
"USC00394651","1950-01-16",43.10013,-101.56581,0,NA,NA
"USC00394651","1950-01-17",43.10013,-101.56581,0.5,NA,NA
"USC00394651","1950-01-18",43.10013,-101.56581,2.5,NA,NA
"USC00394651","1950-01-19",43.10013,-101.56581,0.3,NA,NA
"USC00394651","1950-01-20",43.10013,-101.56581,0,NA,NA
"USC00394651","1950-01-21",43.10013,-101.56581,0,NA,NA
"USC00394651","1950-01-22",43.10013,-101.56581,0,NA,NA
"USC00394651","1950-01-23",43.10013,-101.56581,0,NA,NA
"USC00394651","1950-01-24",43.10013,-101.56581,0,NA,NA
"USC00394651","1950-01-25",43.10013,-101.56581,1.8,NA,NA
"USC00394651","1950-01-26",43.10013,-101.56581,0,NA,NA
"USC00394651","1950-01-27",43.10013,-101.56581,0,NA,NA
"USC00394651","1950-01-28",43.10013,-101.56581,0,NA,NA
"USC00394651","1950-01-29",43.10013,-101.56581,0,NA,NA
"USC00394651","1950-01-30",43.10013,-101.56581,0,NA,NA
"USC00394651","1950-01-31",43.10013,-101.56581,0,NA,NA
"USC00394651","1950-02-01",43.10013,-101.56581,0,NA,NA
"USC00394651","1950-02-02",43.10013,-101.56581,0,NA,NA
"USC00394651","1950-02-03",43.10013,-101.56581,0,NA,NA
"USC00394651","1950-02-04",43.10013,-101.56581,0,NA,NA
"USC00394651","1950-02-05",43.10013,-101.56581,0,NA,NA
"USC00394651","1950-02-06",43.10013,-101.56581,0,NA,NA
"USC00394651","1950-02-07",43.10013,-101.56581,0,NA,NA
"USC00394651","1950-02-08",43.10013,-101.56581,0,NA,NA
"USC00394651","1950-02-09",43.10013,-101.56581,0,NA,NA
"USC00394651","1950-02-10",43.10013,-101.56581,0,NA,NA
"USC00394651","1950-02-11",43.10013,-101.56581,0,NA,NA
"USC00394651","1950-02-12",43.10013,-101.56581,3.8,NA,NA
"USC00394651","1950-02-13",43.10013,-101.56581,2.5,NA,NA
"USC00394651","1950-02-14",43.10013,-101.56581,0,NA,NA
"USC00394651","1950-02-15",43.10013,-101.56581,0,NA,NA
"USC00394651","1950-02-16",43.10013,-101.56581,0,NA,NA
"USC00394651","1950-02-17",43.10013,-101.56581,0,NA,NA
"USC00394651","1950-02-18",43.10013,-101.56581,0,NA,NA
"USC00394651","1950-02-19",43.10013,-101.56581,0,NA,NA
"USC00394651","1950-02-20",43.10013,-101.56581,0,NA,NA
"USC00394651","1950-02-21",43.10013,-101.56581,0,NA,NA
"USC00394651","1950-02-22",43.10013,-101.56581,0,NA,NA
"USC00394651","1950-02-23",43.10013,-101.56581,0,NA,NA
"USC00394651","1950-02-24",43.10013,-101.56581,0,NA,NA
"USC00394651","1950-02-25",43.10013,-101.56581,0,NA,NA
"USC00394651","1950-02-26",43.10013,-101.56581,0,NA,NA
"USC00394651","1950-02-27",43.10013,-101.56581,0,NA,NA
"USC00394651","1950-02-28",43.10013,-101.56581,0,NA,NA
"USC00394651","1950-03-01",43.10013,-101.56581,0,NA,NA
"USC00394651","1950-03-02",43.10013,-101.56581,0,NA,NA
"USC00394651","1950-03-03",43.10013,-101.56581,0,NA,NA
"USC00394651","1950-03-04",43.10013,-101.56581,0,NA,NA
"USC00394651","1950-03-05",43.10013,-101.56581,0,NA,NA
"USC00394651","1950-03-06",43.10013,-101.56581,0,NA,NA
"USC00394651","1950-03-07",43.10013,-101.56581,2.8,NA,NA
"USC00394651","1950-03-08",43.10013,-101.56581,0,NA,NA
"USC00394651","1950-03-09",43.10013,-101.56581,0,NA,NA
"USC00394651","1950-03-10",43.10013,-101.56581,6.4,NA,NA
"USC00394651","1950-03-11",43.10013,-101.56581,0,NA,NA
"USC00394651","1950-03-12",43.10013,-101.56581,0,NA,NA
"USC00394651","1950-03-13",43.10013,-101.56581,0,NA,NA
"USC00394651","1950-03-14",43.10013,-101.56581,0,NA,NA
"USC00394651","1950-03-15",43.10013,-101.56581,0,NA,NA
"USC00394651","1950-03-16",43.10013,-101.56581,0,NA,NA
"USC00394651","1950-03-17",43.10013,-101.56581,0,NA,NA
"USC00394651","1950-03-18",43.10013,-101.56581,3.8,NA,NA
"USC00394651","1950-03-19",43.10013,-101.56581,0,NA,NA
"USC00394651","1950-03-20",43.10013,-101.56581,1,NA,NA
"USC00394651","1950-03-21",43.10013,-101.56581,0.8,NA,NA
"USC00394651","1950-03-22",43.10013,-101.56581,0,NA,NA
"USC00394651","1950-03-23",43.10013,-101.56581,2.8,NA,NA
"USC00394651","1950-03-24",43.10013,-101.56581,0,NA,NA
"USC00394651","1950-03-25",43.10013,-101.56581,0,NA,NA
"USC00394651","1950-03-26",43.10013,-101.56581,5.8,NA,NA
"USC00394651","1950-03-27",43.10013,-101.56581,1.5,NA,NA
"USC00394651","1950-03-28",43.10013,-101.56581,0,NA,NA
"USC00394651","1950-03-29",43.10013,-101.56581,0,NA,NA
"USC00394651","1950-03-30",43.10013,-101.56581,0,NA,NA
"USC00394651","1950-03-31",43.10013,-101.56581,0,NA,NA
"USC00394651","1950-04-01",43.10013,-101.56581,0,NA,NA
"USC00394651","1950-04-02",43.10013,-101.56581,0,NA,NA
"USC00394651","1950-04-03",43.10013,-101.56581,0,NA,NA
"USC00394651","1950-04-04",43.10013,-101.56581,1.8,NA,NA
"USC00394651","1950-04-05",43.10013,-101.56581,0,NA,NA
"USC00394651","1950-04-06",43.10013,-101.56581,0,NA,NA
"USC00394651","1950-04-07",43.10013,-101.56581,0,NA,NA
"USC00394651","1950-04-08",43.10013,-101.56581,0,NA,NA
"USC00394651","1950-04-09",43.10013,-101.56581,0,NA,NA
"USC00394651","1950-04-10",43.10013,-101.56581,5.8,NA,NA
"USC00394651","1950-04-11",43.10013,-101.56581,0,NA,NA
"USC00394651","1950-04-12",43.10013,-101.56581,0,NA,NA
"USC00394651","1950-04-13",43.10013,-101.56581,0,NA,NA
"USC00394651","1950-04-14",43.10013,-101.56581,0,NA,NA
"USC00394651","1950-04-15",43.10013,-101.56581,0,NA,NA
"USC00394651","1950-04-16",43.10013,-101.56581,0,NA,NA
"USC00394651","1950-04-17",43.10013,-101.56581,0,NA,NA
"USC00394651","1950-04-18",43.10013,-101.56581,0,NA,NA
"USC00394651","1950-04-19",43.10013,-101.56581,0,NA,NA
"USC00394651","1950-04-20",43.10013,-101.56581,0,NA,NA
"USC00394651","1950-04-21",43.10013,-101.56581,0,NA,NA
"USC00394651","1950-04-22",43.10013,-101.56581,0,NA,NA
"USC00394651","1950-04-23",43.10013,-101.56581,0,NA,NA
"USC00394651","1950-04-24",43.10013,-101.56581,0,NA,NA
"USC00394651","1950-04-25",43.10013,-101.56581,0,NA,NA
"USC00394651","1950-04-26",43.10013,-101.56581,0,NA,NA
"USC00394651","1950-04-27",43.10013,-101.56581,0,NA,NA
"USC00394651","1950-04-28",43.10013,-101.56581,7.4,NA,NA
"USC00394651","1950-04-29",43.10013,-101.56581,2.8,NA,NA
"USC00394651","1950-04-30",43.10013,-101.56581,0,NA,NA
"USC00394651","1950-05-01",43.10013,-101.56581,0,NA,NA
"USC00394651","1950-05-02",43.10013,-101.56581,1,NA,NA
"USC00394651","1950-05-03",43.10013,-101.56581,0.8,NA,NA
"USC00394651","1950-05-04",43.10013,-101.56581,1.8,NA,NA
"USC00394651","1950-05-05",43.10013,-101.56581,9.7,NA,NA
"USC00394651","1950-05-06",43.10013,-101.56581,0,NA,NA
"USC00394651","1950-05-07",43.10013,-101.56581,19.8,NA,NA
"USC00394651","1950-05-08",43.10013,-101.56581,3.8,NA,NA
"USC00394651","1950-05-09",43.10013,-101.56581,0,NA,NA
"USC00394651","1950-05-10",43.10013,-101.56581,0,NA,NA
"USC00394651","1950-05-11",43.10013,-101.56581,0,NA,NA
"USC00394651","1950-05-12",43.10013,-101.56581,0,NA,NA
"USC00394651","1950-05-13",43.10013,-101.56581,0,NA,NA
"USC00394651","1950-05-14",43.10013,-101.56581,0,NA,NA
"USC00394651","1950-05-15",43.10013,-101.56581,0,NA,NA
"USC00394651","1950-05-16",43.10013,-101.56581,0,NA,NA
"USC00394651","1950-05-17",43.10013,-101.56581,0,NA,NA
"USC00394651","1950-05-18",43.10013,-101.56581,0,NA,NA
"USC00394651","1950-05-19",43.10013,-101.56581,0,NA,NA
"USC00394651","1950-05-20",43.10013,-101.56581,0,NA,NA
"USC00394651","1950-05-21",43.10013,-101.56581,0,NA,NA
"USC00394651","1950-05-22",43.10013,-101.56581,0,NA,NA
"USC00394651","1950-05-23",43.10013,-101.56581,0,NA,NA
"USC00394651","1950-05-24",43.10013,-101.56581,4.6,NA,NA
"USC00394651","1950-05-25",43.10013,-101.56581,0.3,NA,NA
"USC00394651","1950-05-26",43.10013,-101.56581,0,NA,NA
"USC00394651","1950-05-27",43.10013,-101.56581,0,NA,NA
"USC00394651","1950-05-28",43.10013,-101.56581,0,NA,NA
"USC00394651","1950-05-29",43.10013,-101.56581,0,NA,NA
"USC00394651","1950-05-30",43.10013,-101.56581,0,NA,NA
"USC00394651","1950-05-31",43.10013,-101.56581,0,NA,NA
"USC00394651","1950-06-01",43.10013,-101.56581,0,NA,NA
"USC00394651","1950-06-02",43.10013,-101.56581,0,NA,NA
"USC00394651","1950-06-03",43.10013,-101.56581,0,NA,NA
"USC00394651","1950-06-04",43.10013,-101.56581,0,NA,NA
"USC00394651","1950-06-05",43.10013,-101.56581,0,NA,NA
"USC00394651","1950-06-06",43.10013,-101.56581,0,NA,NA
"USC00394651","1950-06-07",43.10013,-101.56581,0,NA,NA
"USC00394651","1950-06-08",43.10013,-101.56581,0,NA,NA
"USC00394651","1950-06-09",43.10013,-101.56581,0,NA,NA
"USC00394651","1950-06-10",43.10013,-101.56581,0,NA,NA
"USC00394651","1950-06-11",43.10013,-101.56581,0,NA,NA
"USC00394651","1950-06-12",43.10013,-101.56581,0,NA,NA
"USC00394651","1950-06-13",43.10013,-101.56581,13.5,NA,NA
"USC00394651","1950-06-14",43.10013,-101.56581,4.3,NA,NA
"USC00394651","1950-06-15",43.10013,-101.56581,22.4,NA,NA
"USC00394651","1950-06-16",43.10013,-101.56581,0,NA,NA
"USC00394651","1950-06-17",43.10013,-101.56581,0.3,NA,NA
"USC00394651","1950-06-18",43.10013,-101.56581,1.5,NA,NA
"USC00394651","1950-06-19",43.10013,-101.56581,0,NA,NA
"USC00394651","1950-06-20",43.10013,-101.56581,0,NA,NA
"USC00394651","1950-06-21",43.10013,-101.56581,0,NA,NA
"USC00394651","1950-06-22",43.10013,-101.56581,0,NA,NA
"USC00394651","1950-06-23",43.10013,-101.56581,6.4,NA,NA
"USC00394651","1950-06-24",43.10013,-101.56581,8.9,NA,NA
"USC00394651","1950-06-25",43.10013,-101.56581,0,NA,NA
"USC00394651","1950-06-26",43.10013,-101.56581,0,NA,NA
"USC00394651","1950-06-27",43.10013,-101.56581,0,NA,NA
"USC00394651","1950-06-28",43.10013,-101.56581,0,NA,NA
"USC00394651","1950-06-29",43.10013,-101.56581,0,NA,NA
"USC00394651","1950-06-30",43.10013,-101.56581,0,NA,NA
"USC00394651","1950-07-07",43.10013,-101.56581,0,NA,NA
"USC00394651","1950-07-08",43.10013,-101.56581,2.5,NA,NA
"USC00394651","1950-07-09",43.10013,-101.56581,0,NA,NA
"USC00394651","1950-07-10",43.10013,-101.56581,0,NA,NA
"USC00394651","1950-07-11",43.10013,-101.56581,0,NA,NA
"USC00394651","1950-07-12",43.10013,-101.56581,9.1,NA,NA
"USC00394651","1950-07-13",43.10013,-101.56581,0,NA,NA
"USC00394651","1950-07-14",43.10013,-101.56581,1.8,NA,NA
"USC00394651","1950-07-15",43.10013,-101.56581,0.8,NA,NA
"USC00394651","1950-07-16",43.10013,-101.56581,10.7,NA,NA
"USC00394651","1950-07-17",43.10013,-101.56581,0,NA,NA
"USC00394651","1950-07-18",43.10013,-101.56581,28.7,NA,NA
"USC00394651","1950-07-19",43.10013,-101.56581,0,NA,NA
"USC00394651","1950-07-20",43.10013,-101.56581,0,NA,NA
"USC00394651","1950-07-21",43.10013,-101.56581,0,NA,NA
"USC00394651","1950-07-22",43.10013,-101.56581,0,NA,NA
"USC00394651","1950-07-23",43.10013,-101.56581,0,NA,NA
"USC00394651","1950-07-24",43.10013,-101.56581,0,NA,NA
"USC00394651","1950-07-25",43.10013,-101.56581,0,NA,NA
"USC00394651","1950-08-05",43.10013,-101.56581,0.5,NA,NA
"USC00394651","1950-08-06",43.10013,-101.56581,0,NA,NA
"USC00394651","1950-08-07",43.10013,-101.56581,0,NA,NA
"USC00394651","1950-08-08",43.10013,-101.56581,0,NA,NA
"USC00394651","1950-08-09",43.10013,-101.56581,18.5,NA,NA
"USC00394651","1950-08-10",43.10013,-101.56581,0,NA,NA
"USC00394651","1950-08-11",43.10013,-101.56581,13,NA,NA
"USC00394651","1950-08-12",43.10013,-101.56581,0,NA,NA
"USC00394651","1950-08-13",43.10013,-101.56581,0,NA,NA
"USC00394651","1950-08-14",43.10013,-101.56581,0,NA,NA
"USC00394651","1950-08-15",43.10013,-101.56581,0,NA,NA
"USC00394651","1950-08-16",43.10013,-101.56581,0,NA,NA
"USC00394651","1950-08-17",43.10013,-101.56581,6.1,NA,NA
"USC00394651","1950-08-18",43.10013,-101.56581,0,NA,NA
"USC00394651","1950-08-19",43.10013,-101.56581,0,NA,NA
"USC00394651","1950-08-20",43.10013,-101.56581,0,NA,NA
"USC00394651","1950-08-21",43.10013,-101.56581,0,NA,NA
"USC00394651","1950-08-22",43.10013,-101.56581,0,NA,NA
"USC00394651","1950-08-23",43.10013,-101.56581,0,NA,NA
"USC00394651","1950-08-24",43.10013,-101.56581,0,NA,NA
"USC00394651","1950-08-25",43.10013,-101.56581,12.2,NA,NA
"USC00394651","1950-08-26",43.10013,-101.56581,3.8,NA,NA
"USC00394651","1950-08-27",43.10013,-101.56581,0,NA,NA
"USC00394651","1950-08-28",43.10013,-101.56581,0,NA,NA
"USC00394651","1950-08-29",43.10013,-101.56581,0.8,NA,NA
"USC00394651","1950-08-30",43.10013,-101.56581,0,NA,NA
"USC00394651","1950-08-31",43.10013,-101.56581,0,NA,NA
"USC00394651","1950-09-01",43.10013,-101.56581,0,NA,NA
"USC00394651","1950-09-02",43.10013,-101.56581,0,NA,NA
"USC00394651","1950-09-03",43.10013,-101.56581,0,NA,NA
"USC00394651","1950-09-04",43.10013,-101.56581,0,NA,NA
"USC00394651","1950-09-05",43.10013,-101.56581,0,NA,NA
"USC00394651","1950-09-06",43.10013,-101.56581,0,NA,NA
"USC00394651","1950-09-07",43.10013,-101.56581,0,NA,NA
"USC00394651","1950-09-08",43.10013,-101.56581,0,NA,NA
"USC00394651","1950-09-09",43.10013,-101.56581,11.9,NA,NA
"USC00394651","1950-09-10",43.10013,-101.56581,9.1,NA,NA
"USC00394651","1950-09-11",43.10013,-101.56581,0,NA,NA
"USC00394651","1950-09-12",43.10013,-101.56581,6.4,NA,NA
"USC00394651","1950-09-13",43.10013,-101.56581,1.8,NA,NA
"USC00394651","1950-09-14",43.10013,-101.56581,4.3,NA,NA
"USC00394651","1950-09-15",43.10013,-101.56581,0,NA,NA
"USC00394651","1950-09-16",43.10013,-101.56581,7.1,NA,NA
"USC00394651","1950-09-17",43.10013,-101.56581,1.3,NA,NA
"USC00394651","1950-09-18",43.10013,-101.56581,0,NA,NA
"USC00394651","1950-09-19",43.10013,-101.56581,2,NA,NA
"USC00394651","1950-09-20",43.10013,-101.56581,19.1,NA,NA
"USC00394651","1950-09-21",43.10013,-101.56581,1,NA,NA
"USC00394651","1950-09-22",43.10013,-101.56581,0,NA,NA
"USC00394651","1950-09-23",43.10013,-101.56581,0,NA,NA
"USC00394651","1950-09-24",43.10013,-101.56581,0,NA,NA
"USC00394651","1950-09-25",43.10013,-101.56581,0,NA,NA
"USC00394651","1950-09-26",43.10013,-101.56581,0,NA,NA
"USC00394651","1950-09-27",43.10013,-101.56581,0,NA,NA
"USC00394651","1950-09-28",43.10013,-101.56581,3.3,NA,NA
"USC00394651","1950-09-29",43.10013,-101.56581,13.2,NA,NA
"USC00394651","1950-09-30",43.10013,-101.56581,0,NA,NA
"USC00394651","1950-10-01",43.10013,-101.56581,6.4,NA,NA
"USC00394651","1950-10-02",43.10013,-101.56581,2,NA,NA
"USC00394651","1950-10-03",43.10013,-101.56581,0,NA,NA
"USC00394651","1950-10-04",43.10013,-101.56581,0,NA,NA
"USC00394651","1950-10-05",43.10013,-101.56581,0,NA,NA
"USC00394651","1950-10-06",43.10013,-101.56581,0,NA,NA
"USC00394651","1950-10-07",43.10013,-101.56581,0,NA,NA
"USC00394651","1950-10-08",43.10013,-101.56581,0,NA,NA
"USC00394651","1950-10-09",43.10013,-101.56581,0,NA,NA
"USC00394651","1950-10-10",43.10013,-101.56581,0,NA,NA
"USC00394651","1950-10-11",43.10013,-101.56581,0,NA,NA
"USC00394651","1950-10-12",43.10013,-101.56581,0,NA,NA
"USC00394651","1950-10-13",43.10013,-101.56581,0,NA,NA
"USC00394651","1950-10-14",43.10013,-101.56581,0,NA,NA
"USC00394651","1950-10-15",43.10013,-101.56581,0,NA,NA
"USC00394651","1950-10-16",43.10013,-101.56581,0,NA,NA
"USC00394651","1950-10-17",43.10013,-101.56581,0,NA,NA
"USC00394651","1950-10-18",43.10013,-101.56581,0,NA,NA
"USC00394651","1950-10-19",43.10013,-101.56581,0,NA,NA
"USC00394651","1950-10-20",43.10013,-101.56581,0,NA,NA
"USC00394651","1950-10-21",43.10013,-101.56581,0,NA,NA
"USC00394651","1950-10-22",43.10013,-101.56581,1,NA,NA
"USC00394651","1950-10-23",43.10013,-101.56581,0.3,NA,NA
"USC00394651","1950-10-24",43.10013,-101.56581,0,NA,NA
"USC00394651","1950-10-25",43.10013,-101.56581,0,NA,NA
"USC00394651","1950-10-26",43.10013,-101.56581,0,NA,NA
"USC00394651","1950-10-27",43.10013,-101.56581,0,NA,NA
"USC00394651","1950-10-28",43.10013,-101.56581,0,NA,NA
"USC00394651","1950-10-29",43.10013,-101.56581,0,NA,NA
"USC00394651","1950-10-30",43.10013,-101.56581,0,NA,NA
"USC00394651","1950-10-31",43.10013,-101.56581,0,NA,NA
"USC00394651","1950-11-01",43.10013,-101.56581,0,NA,NA
"USC00394651","1950-11-02",43.10013,-101.56581,0.8,NA,NA
"USC00394651","1950-11-03",43.10013,-101.56581,0,NA,NA
"USC00394651","1950-11-04",43.10013,-101.56581,0,NA,NA
"USC00394651","1950-11-05",43.10013,-101.56581,0,NA,NA
"USC00394651","1950-11-06",43.10013,-101.56581,0,NA,NA
"USC00394651","1950-11-07",43.10013,-101.56581,2,NA,NA
"USC00394651","1950-11-08",43.10013,-101.56581,0,NA,NA
"USC00394651","1950-11-26",43.10013,-101.56581,0,NA,NA
"USC00394651","1950-11-27",43.10013,-101.56581,0,NA,NA
"USC00394651","1950-11-28",43.10013,-101.56581,0,NA,NA
"USC00394651","1950-11-29",43.10013,-101.56581,0,NA,NA
"USC00394651","1950-11-30",43.10013,-101.56581,0,NA,NA
"USC00394651","1950-12-01",43.10013,-101.56581,0,NA,NA
"USC00394651","1950-12-02",43.10013,-101.56581,0,NA,NA
"USC00394651","1950-12-03",43.10013,-101.56581,0,NA,NA
"USC00394651","1950-12-04",43.10013,-101.56581,0.5,NA,NA
"USC00394651","1950-12-05",43.10013,-101.56581,0,NA,NA
"USC00394651","1950-12-06",43.10013,-101.56581,0,NA,NA
"USC00394651","1950-12-07",43.10013,-101.56581,0,NA,NA
"USC00394651","1950-12-08",43.10013,-101.56581,0,NA,NA
"USC00394651","1950-12-09",43.10013,-101.56581,0,NA,NA
"USC00394651","1950-12-10",43.10013,-101.56581,0,NA,NA
"USC00394651","1950-12-11",43.10013,-101.56581,0,NA,NA
"USC00394651","1950-12-12",43.10013,-101.56581,0,NA,NA
"USC00394651","1950-12-13",43.10013,-101.56581,0,NA,NA
"USC00394651","1950-12-14",43.10013,-101.56581,0,NA,NA
"USC00394651","1950-12-15",43.10013,-101.56581,0,NA,NA
"USC00394651","1950-12-16",43.10013,-101.56581,0,NA,NA
"USC00394651","1950-12-17",43.10013,-101.56581,0,NA,NA
"USC00394651","1950-12-18",43.10013,-101.56581,0,NA,NA
"USC00394651","1950-12-19",43.10013,-101.56581,0,NA,NA
"USC00394651","1950-12-20",43.10013,-101.56581,0,NA,NA
"USC00394651","1950-12-21",43.10013,-101.56581,0,NA,NA
"USC00394651","1950-12-22",43.10013,-101.56581,0,NA,NA
"USC00394651","1950-12-23",43.10013,-101.56581,0,NA,NA
"USC00394651","1950-12-24",43.10013,-101.56581,0,NA,NA
"USC00394651","1950-12-25",43.10013,-101.56581,0,NA,NA
"USC00394651","1950-12-26",43.10013,-101.56581,0,NA,NA
"USC00394651","1950-12-27",43.10013,-101.56581,0,NA,NA
"USC00394651","1950-12-28",43.10013,-101.56581,0,NA,NA
"USC00394651","1950-12-29",43.10013,-101.56581,1.3,NA,NA
"USC00394651","1950-12-30",43.10013,-101.56581,0,NA,NA
"USC00394651","1950-12-31",43.10013,-101.56581,0,NA,NA
"USC00394651","1951-01-09",43.10013,-101.56581,0,NA,NA
"USC00394651","1951-01-10",43.10013,-101.56581,0,NA,NA
"USC00394651","1951-01-11",43.10013,-101.56581,0,NA,NA
"USC00394651","1951-01-12",43.10013,-101.56581,0,NA,NA
"USC00394651","1951-01-13",43.10013,-101.56581,0,NA,NA
"USC00394651","1951-01-14",43.10013,-101.56581,0.8,NA,NA
"USC00394651","1951-01-15",43.10013,-101.56581,0,NA,NA
"USC00394651","1951-01-16",43.10013,-101.56581,0,NA,NA
"USC00394651","1951-01-17",43.10013,-101.56581,0,NA,NA
"USC00394651","1951-01-18",43.10013,-101.56581,0,NA,NA
"USC00394651","1951-01-19",43.10013,-101.56581,0,NA,NA
"USC00394651","1951-01-20",43.10013,-101.56581,0,NA,NA
"USC00394651","1951-01-21",43.10013,-101.56581,0,NA,NA
"USC00394651","1951-01-22",43.10013,-101.56581,0,NA,NA
"USC00394651","1951-01-23",43.10013,-101.56581,0,NA,NA
"USC00394651","1951-01-24",43.10013,-101.56581,0,NA,NA
"USC00394651","1951-01-25",43.10013,-101.56581,0,NA,NA
"USC00394651","1951-01-26",43.10013,-101.56581,0,NA,NA
"USC00394651","1951-01-27",43.10013,-101.56581,0,NA,NA
"USC00394651","1951-01-28",43.10013,-101.56581,0,NA,NA
"USC00394651","1951-01-29",43.10013,-101.56581,0,NA,NA
"USC00394651","1951-01-30",43.10013,-101.56581,0,NA,NA
"USC00394651","1951-01-31",43.10013,-101.56581,0,NA,NA
"USC00394651","1951-02-06",43.10013,-101.56581,0.8,NA,NA
"USC00394651","1951-02-07",43.10013,-101.56581,0,NA,NA
"USC00394651","1951-02-08",43.10013,-101.56581,1,NA,NA
"USC00394651","1951-02-09",43.10013,-101.56581,0,NA,NA
"USC00394651","1951-02-10",43.10013,-101.56581,0,NA,NA
"USC00394651","1951-02-11",43.10013,-101.56581,0,NA,NA
"USC00394651","1951-02-12",43.10013,-101.56581,0,NA,NA
"USC00394651","1951-02-13",43.10013,-101.56581,0,NA,NA
"USC00394651","1951-02-14",43.10013,-101.56581,0,NA,NA
"USC00394651","1951-02-15",43.10013,-101.56581,0,NA,NA
"USC00394651","1951-02-16",43.10013,-101.56581,0,NA,NA
"USC00394651","1951-02-17",43.10013,-101.56581,0,NA,NA
"USC00394651","1951-02-18",43.10013,-101.56581,0,NA,NA
"USC00394651","1951-02-19",43.10013,-101.56581,0,NA,NA
"USC00394651","1951-02-20",43.10013,-101.56581,0,NA,NA
"USC00394651","1951-02-21",43.10013,-101.56581,0,NA,NA
"USC00394651","1951-02-22",43.10013,-101.56581,0,NA,NA
"USC00394651","1951-02-23",43.10013,-101.56581,0,NA,NA
"USC00394651","1951-02-24",43.10013,-101.56581,0,NA,NA
"USC00394651","1951-02-25",43.10013,-101.56581,0,NA,NA
"USC00394651","1951-02-26",43.10013,-101.56581,0,NA,NA
"USC00394651","1951-02-27",43.10013,-101.56581,18.8,NA,NA
"USC00394651","1951-02-28",43.10013,-101.56581,0.3,NA,NA
"USC00394651","1951-03-01",43.10013,-101.56581,0,NA,NA
"USC00394651","1951-03-02",43.10013,-101.56581,9.4,NA,NA
"USC00394651","1951-03-03",43.10013,-101.56581,0,NA,NA
"USC00394651","1951-03-04",43.10013,-101.56581,0,NA,NA
"USC00394651","1951-03-05",43.10013,-101.56581,0,NA,NA
"USC00394651","1951-03-06",43.10013,-101.56581,0.8,NA,NA
"USC00394651","1951-03-07",43.10013,-101.56581,0,NA,NA
"USC00394651","1951-03-08",43.10013,-101.56581,0,NA,NA
"USC00394651","1951-03-09",43.10013,-101.56581,0,NA,NA
"USC00394651","1951-03-10",43.10013,-101.56581,0,NA,NA
"USC00394651","1951-03-11",43.10013,-101.56581,0,NA,NA
"USC00394651","1951-03-12",43.10013,-101.56581,0,NA,NA
"USC00394651","1951-03-13",43.10013,-101.56581,0,NA,NA
"USC00394651","1951-03-14",43.10013,-101.56581,0,NA,NA
"USC00394651","1951-03-15",43.10013,-101.56581,0,NA,NA
"USC00394651","1951-03-16",43.10013,-101.56581,0,NA,NA
"USC00394651","1951-03-17",43.10013,-101.56581,0,NA,NA
"USC00394651","1951-03-18",43.10013,-101.56581,0,NA,NA
"USC00394651","1951-03-19",43.10013,-101.56581,0,NA,NA
"USC00394651","1951-03-20",43.10013,-101.56581,0,NA,NA
"USC00394651","1951-03-21",43.10013,-101.56581,0,NA,NA
"USC00394651","1951-03-22",43.10013,-101.56581,0.5,NA,NA
"USC00394651","1951-03-23",43.10013,-101.56581,3.6,NA,NA
"USC00394651","1951-03-24",43.10013,-101.56581,0,NA,NA
"USC00394651","1951-03-25",43.10013,-101.56581,0,NA,NA
"USC00394651","1951-03-26",43.10013,-101.56581,0,NA,NA
"USC00394651","1951-03-27",43.10013,-101.56581,0,NA,NA
"USC00394651","1951-03-28",43.10013,-101.56581,0,NA,NA
"USC00394651","1951-03-29",43.10013,-101.56581,0,NA,NA
"USC00394651","1951-03-30",43.10013,-101.56581,0,NA,NA
"USC00394651","1951-03-31",43.10013,-101.56581,0,NA,NA
"USC00394651","1951-04-01",43.10013,-101.56581,0,NA,NA
"USC00394651","1951-04-02",43.10013,-101.56581,0,NA,NA
"USC00394651","1951-04-03",43.10013,-101.56581,0,NA,NA
"USC00394651","1951-04-04",43.10013,-101.56581,0,NA,NA
"USC00394651","1951-04-05",43.10013,-101.56581,0,NA,NA
"USC00394651","1951-04-06",43.10013,-101.56581,0,NA,NA
"USC00394651","1951-04-07",43.10013,-101.56581,0,NA,NA
"USC00394651","1951-04-08",43.10013,-101.56581,0,NA,NA
"USC00394651","1951-04-09",43.10013,-101.56581,0,NA,NA
"USC00394651","1951-04-10",43.10013,-101.56581,0,NA,NA
"USC00394651","1951-04-11",43.10013,-101.56581,0,NA,NA
"USC00394651","1951-04-12",43.10013,-101.56581,0,NA,NA
"USC00394651","1951-04-13",43.10013,-101.56581,0,NA,NA
"USC00394651","1951-04-14",43.10013,-101.56581,0,NA,NA
"USC00394651","1951-04-15",43.10013,-101.56581,0,NA,NA
"USC00394651","1951-04-16",43.10013,-101.56581,0,NA,NA
"USC00394651","1951-04-17",43.10013,-101.56581,0,NA,NA
"USC00394651","1951-04-18",43.10013,-101.56581,0,NA,NA
"USC00394651","1951-04-19",43.10013,-101.56581,0,NA,NA
"USC00394651","1951-04-20",43.10013,-101.56581,8.6,NA,NA
"USC00394651","1951-04-21",43.10013,-101.56581,0,NA,NA
"USC00394651","1951-04-22",43.10013,-101.56581,0,NA,NA
"USC00394651","1951-04-23",43.10013,-101.56581,0,NA,NA
"USC00394651","1951-04-24",43.10013,-101.56581,1,NA,NA
"USC00394651","1951-04-25",43.10013,-101.56581,0.8,NA,NA
"USC00394651","1951-04-26",43.10013,-101.56581,8.1,NA,NA
"USC00394651","1951-04-27",43.10013,-101.56581,0,NA,NA
"USC00394651","1951-04-28",43.10013,-101.56581,0,NA,NA
"USC00394651","1951-04-29",43.10013,-101.56581,0,NA,NA
"USC00394651","1951-04-30",43.10013,-101.56581,0,NA,NA
"USC00394651","1951-05-10",43.10013,-101.56581,0,NA,NA
"USC00394651","1951-05-11",43.10013,-101.56581,0,NA,NA
"USC00394651","1951-05-12",43.10013,-101.56581,0,NA,NA
"USC00394651","1951-05-13",43.10013,-101.56581,0,NA,NA
"USC00394651","1951-05-14",43.10013,-101.56581,0,NA,NA
"USC00394651","1951-05-15",43.10013,-101.56581,3.8,NA,NA
"USC00394651","1951-05-16",43.10013,-101.56581,2.5,NA,NA
"USC00394651","1951-05-17",43.10013,-101.56581,1.3,NA,NA
"USC00394651","1951-05-18",43.10013,-101.56581,13.5,NA,NA
"USC00394651","1951-05-19",43.10013,-101.56581,2.5,NA,NA
"USC00394651","1951-05-20",43.10013,-101.56581,16.5,NA,NA
"USC00394651","1951-05-21",43.10013,-101.56581,3,NA,NA
"USC00394651","1951-05-22",43.10013,-101.56581,0,NA,NA
"USC00394651","1951-05-23",43.10013,-101.56581,0,NA,NA
"USC00394651","1951-05-24",43.10013,-101.56581,0.5,NA,NA
"USC00394651","1951-05-25",43.10013,-101.56581,1.3,NA,NA
"USC00394651","1951-05-26",43.10013,-101.56581,0,NA,NA
"USC00394651","1951-05-27",43.10013,-101.56581,0,NA,NA
"USC00394651","1951-05-28",43.10013,-101.56581,0.8,NA,NA
"USC00394651","1951-05-29",43.10013,-101.56581,0,NA,NA
"USC00394651","1951-05-30",43.10013,-101.56581,0,NA,NA
"USC00394651","1951-05-31",43.10013,-101.56581,1.3,NA,NA
"USC00394651","1951-06-01",43.10013,-101.56581,15.2,NA,NA
"USC00394651","1951-06-02",43.10013,-101.56581,0,NA,NA
"USC00394651","1951-06-03",43.10013,-101.56581,0,NA,NA
"USC00394651","1951-06-04",43.10013,-101.56581,7.1,NA,NA
"USC00394651","1951-06-05",43.10013,-101.56581,3.3,NA,NA
"USC00394651","1951-06-06",43.10013,-101.56581,12.7,NA,NA
"USC00394651","1951-06-07",43.10013,-101.56581,1,NA,NA
"USC00394651","1951-06-08",43.10013,-101.56581,0,NA,NA
"USC00394651","1951-06-09",43.10013,-101.56581,0,NA,NA
"USC00394651","1951-06-10",43.10013,-101.56581,0,NA,NA
"USC00394651","1951-06-11",43.10013,-101.56581,0,NA,NA
"USC00394651","1951-06-12",43.10013,-101.56581,0.8,NA,NA
"USC00394651","1951-06-13",43.10013,-101.56581,6.4,NA,NA
"USC00394651","1951-06-14",43.10013,-101.56581,0.8,NA,NA
"USC00394651","1951-06-15",43.10013,-101.56581,0,NA,NA
"USC00394651","1951-06-16",43.10013,-101.56581,0,NA,NA
"USC00394651","1951-06-17",43.10013,-101.56581,18.3,NA,NA
"USC00394651","1951-06-18",43.10013,-101.56581,1.8,NA,NA
"USC00394651","1951-06-19",43.10013,-101.56581,0,NA,NA
"USC00394651","1951-06-20",43.10013,-101.56581,0.5,NA,NA
"USC00394651","1951-06-21",43.10013,-101.56581,4.6,NA,NA
"USC00394651","1951-06-22",43.10013,-101.56581,9.7,NA,NA
"USC00394651","1951-06-23",43.10013,-101.56581,11.9,NA,NA
"USC00394651","1951-06-24",43.10013,-101.56581,0,NA,NA
"USC00394651","1951-06-25",43.10013,-101.56581,0.8,NA,NA
"USC00394651","1951-06-26",43.10013,-101.56581,0,NA,NA
"USC00394651","1951-06-27",43.10013,-101.56581,0,NA,NA
"USC00394651","1951-06-28",43.10013,-101.56581,0,NA,NA
"USC00394651","1951-06-29",43.10013,-101.56581,0,NA,NA
"USC00394651","1951-06-30",43.10013,-101.56581,0,NA,NA
"USC00394651","1951-07-01",43.10013,-101.56581,15.2,NA,NA
"USC00394651","1951-07-02",43.10013,-101.56581,20.3,NA,NA
"USC00394651","1951-07-03",43.10013,-101.56581,0,NA,NA
"USC00394651","1951-07-04",43.10013,-101.56581,0,NA,NA
"USC00394651","1951-07-05",43.10013,-101.56581,0,NA,NA
"USC00394651","1951-07-06",43.10013,-101.56581,0,NA,NA
"USC00394651","1951-07-07",43.10013,-101.56581,0,NA,NA
"USC00394651","1951-07-08",43.10013,-101.56581,0,NA,NA
"USC00394651","1951-07-09",43.10013,-101.56581,0,NA,NA
"USC00394651","1951-07-10",43.10013,-101.56581,6.6,NA,NA
"USC00394651","1951-07-11",43.10013,-101.56581,12.2,NA,NA
"USC00394651","1951-07-12",43.10013,-101.56581,13,NA,NA
"USC00394651","1951-07-22",43.10013,-101.56581,0,NA,NA
"USC00394651","1951-07-23",43.10013,-101.56581,0,NA,NA
"USC00394651","1951-07-24",43.10013,-101.56581,0,NA,NA
"USC00394651","1951-07-25",43.10013,-101.56581,0,NA,NA
"USC00394651","1951-07-26",43.10013,-101.56581,0,NA,NA
"USC00394651","1951-07-27",43.10013,-101.56581,0,NA,NA
"USC00394651","1951-07-28",43.10013,-101.56581,2.3,NA,NA
"USC00394651","1951-07-29",43.10013,-101.56581,1.5,NA,NA
"USC00394651","1951-07-30",43.10013,-101.56581,1.5,NA,NA
"USC00394651","1951-07-31",43.10013,-101.56581,1.8,NA,NA
"USC00394651","1951-08-01",43.10013,-101.56581,2,NA,NA
"USC00394651","1951-08-02",43.10013,-101.56581,0.5,NA,NA
"USC00394651","1951-08-03",43.10013,-101.56581,0,NA,NA
"USC00394651","1951-08-04",43.10013,-101.56581,0,NA,NA
"USC00394651","1951-08-05",43.10013,-101.56581,0,NA,NA
"USC00394651","1951-08-06",43.10013,-101.56581,0,NA,NA
"USC00394651","1951-08-07",43.10013,-101.56581,0,NA,NA
"USC00394651","1951-08-08",43.10013,-101.56581,0,NA,NA
"USC00394651","1951-08-09",43.10013,-101.56581,5.6,NA,NA
"USC00394651","1951-08-10",43.10013,-101.56581,1.3,NA,NA
"USC00394651","1951-08-11",43.10013,-101.56581,0,NA,NA
"USC00394651","1951-08-12",43.10013,-101.56581,3,NA,NA
"USC00394651","1951-08-13",43.10013,-101.56581,2.3,NA,NA
"USC00394651","1951-08-14",43.10013,-101.56581,18.5,NA,NA
"USC00394651","1951-08-15",43.10013,-101.56581,0,NA,NA
"USC00394651","1951-08-16",43.10013,-101.56581,0,NA,NA
"USC00394651","1951-08-17",43.10013,-101.56581,0,NA,NA
"USC00394651","1951-08-18",43.10013,-101.56581,0,NA,NA
"USC00394651","1951-08-19",43.10013,-101.56581,38.4,NA,NA
"USC00394651","1951-08-20",43.10013,-101.56581,0,NA,NA
"USC00394651","1951-08-21",43.10013,-101.56581,0,NA,NA
"USC00394651","1951-08-22",43.10013,-101.56581,0,NA,NA
"USC00394651","1951-08-23",43.10013,-101.56581,0,NA,NA
"USC00394651","1951-08-24",43.10013,-101.56581,0,NA,NA
"USC00394651","1951-08-25",43.10013,-101.56581,0,NA,NA
"USC00394651","1951-08-26",43.10013,-101.56581,0,NA,NA
"USC00394651","1951-08-27",43.10013,-101.56581,0,NA,NA
"USC00394651","1951-08-28",43.10013,-101.56581,0,NA,NA
"USC00394651","1951-08-29",43.10013,-101.56581,5.1,NA,NA
"USC00394651","1951-08-30",43.10013,-101.56581,5.8,NA,NA
"USC00394651","1951-09-01",43.10013,-101.56581,0,NA,NA
"USC00394651","1951-09-02",43.10013,-101.56581,0,NA,NA
"USC00394651","1951-09-03",43.10013,-101.56581,1,NA,NA
"USC00394651","1951-09-04",43.10013,-101.56581,19.8,NA,NA
"USC00394651","1951-09-05",43.10013,-101.56581,0,NA,NA
"USC00394651","1951-09-06",43.10013,-101.56581,0,NA,NA
"USC00394651","1951-09-07",43.10013,-101.56581,2,NA,NA
"USC00394651","1951-09-08",43.10013,-101.56581,0,NA,NA
"USC00394651","1951-09-09",43.10013,-101.56581,1.5,NA,NA
"USC00394651","1951-09-10",43.10013,-101.56581,0,NA,NA
"USC00394651","1951-09-11",43.10013,-101.56581,7.6,NA,NA
"USC00394651","1951-09-12",43.10013,-101.56581,1.3,NA,NA
"USC00394651","1951-09-13",43.10013,-101.56581,0,NA,NA
"USC00394651","1951-09-14",43.10013,-101.56581,1,NA,NA
"USC00394651","1951-09-15",43.10013,-101.56581,0,NA,NA
"USC00394651","1951-09-16",43.10013,-101.56581,0,NA,NA
"USC00394651","1951-09-17",43.10013,-101.56581,0,NA,NA
"USC00394651","1951-09-18",43.10013,-101.56581,0,NA,NA
"USC00394651","1951-09-19",43.10013,-101.56581,0,NA,NA
"USC00394651","1951-09-20",43.10013,-101.56581,0,NA,NA
"USC00394651","1951-09-21",43.10013,-101.56581,0,NA,NA
"USC00394651","1951-09-22",43.10013,-101.56581,0,NA,NA
"USC00394651","1951-09-23",43.10013,-101.56581,5.3,NA,NA
"USC00394651","1951-09-24",43.10013,-101.56581,0,NA,NA
"USC00394651","1951-09-25",43.10013,-101.56581,0,NA,NA
"USC00394651","1951-09-26",43.10013,-101.56581,0,NA,NA
"USC00394651","1951-09-27",43.10013,-101.56581,0,NA,NA
"USC00394651","1951-09-28",43.10013,-101.56581,0,NA,NA
"USC00394651","1951-09-29",43.10013,-101.56581,0,NA,NA
"USC00394651","1951-09-30",43.10013,-101.56581,0,NA,NA
"USC00394651","2022-08-01",43.10013,-101.56581,0,14.4,32.2
"USC00394651","2022-08-02",43.10013,-101.56581,0,15,37.2
"USC00394651","2022-08-03",43.10013,-101.56581,0,14.4,38.3
"USC00394651","2022-08-04",43.10013,-101.56581,0,18.3,32.2
"USC00394651","2022-08-05",43.10013,-101.56581,0,19.4,35.6
"USC00394651","2022-08-06",43.10013,-101.56581,2.5,15.6,37.2
"USC00394651","2022-08-07",43.10013,-101.56581,0,13.9,25
"USC00394651","2022-08-08",43.10013,-101.56581,0,10.6,24.4
"USC00394651","2022-08-09",43.10013,-101.56581,0,17.2,32.8
"USC00394651","2022-08-10",43.10013,-101.56581,0,13.3,36.1
"USC00394651","2022-08-11",43.10013,-101.56581,0,16.1,35.6
"USC00394651","2022-08-12",43.10013,-101.56581,0,20.6,36.1
"USC00394651","2022-08-13",43.10013,-101.56581,0,15.6,35
"USC00394651","2022-08-14",43.10013,-101.56581,0,18.3,32.2
"USC00394651","2022-08-15",43.10013,-101.56581,16.5,18.9,30.6
"USC00394651","2022-08-16",43.10013,-101.56581,0,17.2,28.3
"USC00394651","2022-08-17",43.10013,-101.56581,0,14.4,25
"USC00394651","2022-08-18",43.10013,-101.56581,0,11.7,30
"USC00394651","2022-08-19",43.10013,-101.56581,0,11.7,30.6
"USC00394651","2022-08-20",43.10013,-101.56581,0,8.9,26.7
"USC00394651","2022-08-21",43.10013,-101.56581,0,13.3,28.3
"USC00394651","2022-08-22",43.10013,-101.56581,0,16.7,31.7
"USC00394651","2022-08-23",43.10013,-101.56581,0,14.4,33.9
"USC00394651","2022-08-24",43.10013,-101.56581,0,15.6,32.8
"USC00394651","2022-08-25",43.10013,-101.56581,0,13.3,30
"USC00394651","2022-08-26",43.10013,-101.56581,0,17.2,27.2
"USC00394651","2022-08-27",43.10013,-101.56581,0,10.6,32.8
"USC00394651","2022-08-28",43.10013,-101.56581,0,10.6,28.3
"USC00394651","2022-08-29",43.10013,-101.56581,0,12.2,27.8
"USC00394651","2022-08-30",43.10013,-101.56581,0,6.7,30
"USC00394651","2022-08-31",43.10013,-101.56581,0,9.4,32.8
"USC00394651","2022-09-01",43.10013,-101.56581,0,12.2,31.7
"USC00394651","2022-09-02",43.10013,-101.56581,0,14.4,35.6
"USC00394651","2022-09-03",43.10013,-101.56581,0,9.4,30.6
"USC00394651","2022-09-04",43.10013,-101.56581,0,13.3,30.6
"USC00394651","2022-09-05",43.10013,-101.56581,0,15.6,33.3
"USC00394651","2022-09-06",43.10013,-101.56581,0,10,35.6
"USC00394651","2022-09-07",43.10013,-101.56581,0,13.3,35.6
"USC00394651","2022-09-08",43.10013,-101.56581,0,14.4,34.4
"USC00394651","2022-09-09",43.10013,-101.56581,6.1,11.7,33.3
"USC00394651","2022-09-10",43.10013,-101.56581,0,6.7,14.4
"USC00394651","2022-09-11",43.10013,-101.56581,0,3.9,21.1
"USC00394651","2022-09-12",43.10013,-101.56581,0,5.6,24.4
"USC00394651","2022-09-13",43.10013,-101.56581,0,6.7,30
"USC00394651","2022-09-14",43.10013,-101.56581,0,7.8,28.9
"USC00394651","2022-09-15",43.10013,-101.56581,0,13.3,31.7
"USC00394651","2022-09-16",43.10013,-101.56581,0,11.1,24.4
"USC00394651","2022-09-17",43.10013,-101.56581,0,10.6,26.7
"USC00394651","2022-09-18",43.10013,-101.56581,0,13.3,23.9
"USC00394651","2022-09-19",43.10013,-101.56581,36.1,15.6,26.1
"USC00394651","2022-09-20",43.10013,-101.56581,0,11.7,32.2
"USC00394651","2022-09-21",43.10013,-101.56581,0,8.3,27.2
"USC00394651","2022-09-22",43.10013,-101.56581,2.3,7.8,16.1
"USC00394651","2022-09-23",43.10013,-101.56581,0,7.8,13.9
"USC00394651","2022-09-24",43.10013,-101.56581,0,5,23.3
"USC00394651","2022-09-25",43.10013,-101.56581,0,3.3,23.9
"USC00394651","2022-09-26",43.10013,-101.56581,0,-0.6,22.2
"USC00394651","2022-09-27",43.10013,-101.56581,0,2.8,25.6
"USC00394651","2022-09-28",43.10013,-101.56581,0,4.4,22.2
"USC00394651","2022-09-29",43.10013,-101.56581,0,10,25.6
"USC00394651","2022-09-30",43.10013,-101.56581,0,12.2,28.3
"USC00394651","2022-10-01",43.10013,-101.56581,0.8,8.3,28.9
"USC00394651","2022-10-02",43.10013,-101.56581,0,11.7,23.9
"USC00394651","2022-10-03",43.10013,-101.56581,0,10,23.3
"USC00394651","2022-10-04",43.10013,-101.56581,0,6.7,18.3
"USC00394651","2022-10-05",43.10013,-101.56581,0,5.6,17.2
"USC00394651","2022-10-06",43.10013,-101.56581,0,5,21.1
"USC00394651","2022-10-07",43.10013,-101.56581,0,1.7,9.4
"USC00394651","2022-10-08",43.10013,-101.56581,0,-3.3,10
"USC00394651","2022-10-09",43.10013,-101.56581,0,-1.7,17.2
"USC00394651","2022-10-10",43.10013,-101.56581,0,1.7,20.6
"USC00394651","2022-10-11",43.10013,-101.56581,0,4.4,26.1
"USC00394651","2022-10-12",43.10013,-101.56581,0,-0.6,22.8
"USC00394651","2022-10-13",43.10013,-101.56581,0,2.2,12.8
"USC00394651","2022-10-14",43.10013,-101.56581,0,-1.1,12.8
"USC00394651","2022-10-15",43.10013,-101.56581,0,-0.6,15
"USC00394651","2022-10-16",43.10013,-101.56581,0,0,16.7
"USC00394651","2022-10-17",43.10013,-101.56581,0,-3.9,8.9
"USC00394651","2022-10-18",43.10013,-101.56581,0,-6.1,11.7
"USC00394651","2022-10-19",43.10013,-101.56581,0,-5,12.8
"USC00394651","2022-10-20",43.10013,-101.56581,0,-1.1,20.6
"USC00394651","2022-10-21",43.10013,-101.56581,0,2.2,25
"USC00394651","2022-10-22",43.10013,-101.56581,0,2.8,21.1
"USC00394651","2022-10-23",43.10013,-101.56581,0,-1.7,21.7
"USC00394651","2022-10-24",43.10013,-101.56581,0,-2.2,12.8
"USC00394651","2022-10-25",43.10013,-101.56581,0,-7.2,6.1
"USC00394651","2022-10-26",43.10013,-101.56581,0,-5.6,12.8
"USC00394651","2022-10-27",43.10013,-101.56581,0,-4.4,10.6
"USC00394651","2022-10-28",43.10013,-101.56581,0,-5,12.2
"USC00394651","2022-10-29",43.10013,-101.56581,0,-5,16.1
"USC00394651","2022-10-30",43.10013,-101.56581,0,-3.9,15.6
"USC00394651","2022-10-31",43.10013,-101.56581,0,-3.3,16.1
"USC00394651","2022-11-01",43.10013,-101.56581,0,-2.8,18.3
"USC00394651","2022-11-02",43.10013,-101.56581,0,0.6,22.8
"USC00394651","2022-11-03",43.10013,-101.56581,0,-0.6,23.9
"USC00394651","2022-11-04",43.10013,-101.56581,2.5,-8.9,3.9
"USC00394651","2022-11-05",43.10013,-101.56581,0,-6.7,3.9
"USC00394651","2022-11-06",43.10013,-101.56581,0,-3.3,15
"USC00394651","2022-11-07",43.10013,-101.56581,0,-6.7,7.2
"USC00394651","2022-11-08",43.10013,-101.56581,0,-2.2,7.2
"USC00394651","2022-11-09",43.10013,-101.56581,0,-7.2,15.6
"USC00394651","2022-11-10",43.10013,-101.56581,1.8,-7.2,-4.4
"USC00394651","2022-11-11",43.10013,-101.56581,0,-17.2,-7.2
"USC00394651","2022-11-12",43.10013,-101.56581,0,-18.3,-5.6
"USC00394651","2022-11-13",43.10013,-101.56581,0,-12.8,0.6
"USC00394651","2022-11-14",43.10013,-101.56581,0,-12.8,-2.8
"USC00394651","2022-11-15",43.10013,-101.56581,0,-7.2,1.1
"USC00394651","2022-11-16",43.10013,-101.56581,0,-18.9,-3.9
"USC00394651","2022-11-17",43.10013,-101.56581,0.8,-9.4,-0.6
"USC00394651","2022-11-18",43.10013,-101.56581,0,-20,-7.2
"USC00394651","2022-11-19",43.10013,-101.56581,0,-19.4,-4.4
"USC00394651","2022-11-20",43.10013,-101.56581,0,-10,-1.1
"USC00394651","2022-11-21",43.10013,-101.56581,0,-10,9.4
"USC00394651","2022-11-22",43.10013,-101.56581,0,-9.4,8.9
"USC00394651","2022-11-23",43.10013,-101.56581,0,-5.6,11.1
"USC00394651","2022-11-24",43.10013,-101.56581,0,-7.2,5.6
"USC00394651","2022-11-25",43.10013,-101.56581,0,-2.8,16.7
"USC00394651","2022-11-26",43.10013,-101.56581,0,-11.7,11.7
"USC00394651","2022-11-27",43.10013,-101.56581,0,-7.2,7.2
"USC00394651","2022-11-28",43.10013,-101.56581,0,-11.1,2.2
"USC00394651","2022-11-29",43.10013,-101.56581,0,-19.4,-5.6
"USC00394651","2022-11-30",43.10013,-101.56581,0,-13.9,-1.1
"USC00394651","2022-12-01",43.10013,-101.56581,0,-7.8,11.7
"USC00394651","2022-12-02",43.10013,-101.56581,0,-19.4,-7.8
"USC00394651","2022-12-03",43.10013,-101.56581,0,-12.8,5
"USC00394651","2022-12-04",43.10013,-101.56581,0,-8.9,8.9
"USC00394651","2022-12-05",43.10013,-101.56581,0,-5.6,-4.4
"USC00394651","2022-12-06",43.10013,-101.56581,0,-10,-3.9
"USC00394651","2022-12-07",43.10013,-101.56581,0,-13.3,3.9
"USC00394651","2022-12-08",43.10013,-101.56581,0,-13.3,-1.7
"USC00394651","2022-12-09",43.10013,-101.56581,7.6,-12.8,-0.6
"USC00394651","2022-12-10",43.10013,-101.56581,0,-11.7,3.3
"USC00394651","2022-12-11",43.10013,-101.56581,0,-8.9,2.2
"USC00394651","2022-12-12",43.10013,-101.56581,0,-4.4,6.1
"USC00394651","2022-12-13",43.10013,-101.56581,NA,-7.8,1.7
"USC00394651","2022-12-14",43.10013,-101.56581,NA,-9.4,-7.2
"USC00394651","2022-12-15",43.10013,-101.56581,NA,-10.6,-7.8
"USC00394651","2022-12-16",43.10013,-101.56581,NA,-10.6,-8.3
"USC00394651","2022-12-17",43.10013,-101.56581,37.3,-13.9,-7.2
"USC00394651","2022-12-18",43.10013,-101.56581,0,-15.6,-4.4
"USC00394651","2022-12-19",43.10013,-101.56581,0,-19.4,-11.7
"USC00394651","2022-12-20",43.10013,-101.56581,0,-26.7,-15
"USC00394651","2022-12-21",43.10013,-101.56581,0,-25,-12.8
"USC00394651","2022-12-22",43.10013,-101.56581,0,-29.4,-19.4
"USC00394651","2022-12-23",43.10013,-101.56581,0,-28.3,-16.7
"USC00394651","2022-12-24",43.10013,-101.56581,0,-16.7,-0.6
"USC00394651","2022-12-25",43.10013,-101.56581,0,-17.8,3.3
"USC00394651","2022-12-26",43.10013,-101.56581,0,-12.8,3.9
"USC00394651","2022-12-27",43.10013,-101.56581,0,NA,3.3
"USC00394651","2022-12-28",43.10013,-101.56581,0,2.2,6.1
"USC00394651","2022-12-29",43.10013,-101.56581,0,-1.1,6.7
"USC00394651","2022-12-30",43.10013,-101.56581,0,-7.8,1.7
"USC00394651","2022-12-31",43.10013,-101.56581,0,-6.7,3.9
"USC00394651","2023-01-01",43.10013,-101.56581,0,-3.9,4.4
"USC00394651","2023-01-02",43.10013,-101.56581,NA,-2.8,6.1
"USC00394651","2023-01-03",43.10013,-101.56581,NA,-5,-1.1
"USC00394651","2023-01-04",43.10013,-101.56581,17,-15,-2.2
"USC00394651","2023-01-05",43.10013,-101.56581,0,-12.8,-3.9
"USC00394651","2023-01-06",43.10013,-101.56581,0,-13.9,-4.4
"USC00394651","2023-01-07",43.10013,-101.56581,0,-13.3,-3.9
"USC00394651","2023-01-08",43.10013,-101.56581,0,-11.7,-2.2
"USC00394651","2023-01-09",43.10013,-101.56581,0,-10.6,1.7
"USC00394651","2023-01-10",43.10013,-101.56581,0,-7.2,2.2
"USC00394651","2023-01-11",43.10013,-101.56581,0,-8.3,3.9
"USC00394651","2023-01-12",43.10013,-101.56581,0,-8.9,2.2
"USC00394651","2023-01-13",43.10013,-101.56581,0,-10,2.2
"USC00394651","2023-01-14",43.10013,-101.56581,0,-9.4,3.9
"USC00394651","2023-01-15",43.10013,-101.56581,0,-3.3,6.7
"USC00394651","2023-01-16",43.10013,-101.56581,0,-1.1,6.1
"USC00394651","2023-01-17",43.10013,-101.56581,0,-2.2,0.6
"USC00394651","2023-01-18",43.10013,-101.56581,3.3,-6.1,1.1
"USC00394651","2023-01-19",43.10013,-101.56581,6.6,-6.7,-2.2
"USC00394651","2023-01-20",43.10013,-101.56581,0,-12.2,-1.7
"USC00394651","2023-01-21",43.10013,-101.56581,0,-11.1,-1.1
"USC00394651","2023-01-22",43.10013,-101.56581,0,-9.4,-1.7
"USC00394651","2023-01-23",43.10013,-101.56581,0,-13.3,0.6
"USC00394651","2023-01-24",43.10013,-101.56581,0,-10,0.6
"USC00394651","2023-01-25",43.10013,-101.56581,0.5,-6.7,1.1
"USC00394651","2023-01-26",43.10013,-101.56581,9.1,-6.7,-1.1
"USC00394651","2023-01-27",43.10013,-101.56581,0,-5,2.8
"USC00394651","2023-01-28",43.10013,-101.56581,NA,-11.7,-2.8
"USC00394651","2023-01-29",43.10013,-101.56581,NA,-20.6,-11.7
"USC00394651","2023-01-30",43.10013,-101.56581,8.4,-26.1,-16.7
"USC00394651","2023-01-31",43.10013,-101.56581,0,-25.6,-17.2
"USC00394651","2023-02-01",43.10013,-101.56581,0,-21.7,-10
"USC00394651","2023-02-02",43.10013,-101.56581,0,-13.9,-3.3
"USC00394651","2023-02-03",43.10013,-101.56581,0,-11.7,-6.1
"USC00394651","2023-02-04",43.10013,-101.56581,0,-6.7,3.3
"USC00394651","2023-02-05",43.10013,-101.56581,0,-8.3,3.9
"USC00394651","2023-02-06",43.10013,-101.56581,0,-6.1,3.9
"USC00394651","2023-02-07",43.10013,-101.56581,0,-5.6,4.4
"USC00394651","2023-02-08",43.10013,-101.56581,0,-6.7,3.3
"USC00394651","2023-02-09",43.10013,-101.56581,0.5,-6.1,6.1
"USC00394651","2023-02-10",43.10013,-101.56581,0.8,-12.8,-1.7
"USC00394651","2023-02-11",43.10013,-101.56581,0,-8.9,1.7
"USC00394651","2023-02-12",43.10013,-101.56581,0,-5.6,5
"USC00394651","2023-02-13",43.10013,-101.56581,0,-6.1,5.6
"USC00394651","2023-02-14",43.10013,-101.56581,0,-5.6,6.7
"USC00394651","2023-02-15",43.10013,-101.56581,0,-12.2,1.7
"USC00394651","2023-02-16",43.10013,-101.56581,0,-15,-7.8
"USC00394651","2023-02-17",43.10013,-101.56581,0,-15,0
"USC00394651","2023-02-18",43.10013,-101.56581,0,-8.3,6.7
"USC00394651","2023-02-19",43.10013,-101.56581,0,-6.1,5.6
"USC00394651","2023-02-20",43.10013,-101.56581,0,-3.9,2.2
"USC00394651","2023-02-21",43.10013,-101.56581,0,-5,6.1
"USC00394651","2023-02-22",43.10013,-101.56581,NA,-20,6.1
"USC00394651","2023-02-23",43.10013,-101.56581,10.7,-25.6,-20
"USC00394651","2023-02-24",43.10013,-101.56581,0,-26.1,-19.4
"USC00394651","2023-02-25",43.10013,-101.56581,0,-20,2.8
"USC00394651","2023-02-26",43.10013,-101.56581,0,-1.1,7.8
"USC00394651","2023-02-27",43.10013,-101.56581,0,2.2,3.9
"USC00394651","2023-02-28",43.10013,-101.56581,0.8,-2.8,4.4
"USC00394651","2023-03-01",43.10013,-101.56581,0,-5,4.4
"USC00394651","2023-03-02",43.10013,-101.56581,0,-7.8,-3.3
"USC00394651","2023-03-03",43.10013,-101.56581,0,-4.4,4.4
"USC00394651","2023-03-04",43.10013,-101.56581,12.7,-6.7,5.6
"USC00394651","2023-03-05",43.10013,-101.56581,2,-7.2,0
"USC00394651","2023-03-06",43.10013,-101.56581,0,-6.1,7.2
"USC00394651","2023-03-07",43.10013,-101.56581,0.8,-8.3,-4.4
"USC00394651","2023-03-08",43.10013,-101.56581,0.5,-9.4,-2.8
"USC00394651","2023-03-09",43.10013,-101.56581,0,-8.9,-6.7
"USC00394651","2023-03-10",43.10013,-101.56581,2.5,-15.6,-6.1
"USC00394651","2023-03-11",43.10013,-101.56581,0,-8.3,2.8
"USC00394651","2023-03-12",43.10013,-101.56581,0,-10.6,5
"USC00394651","2023-03-13",43.10013,-101.56581,0,-14.4,-6.1
"USC00394651","2023-03-14",43.10013,-101.56581,0,-9.4,4.4
"USC00394651","2023-03-15",43.10013,-101.56581,0,-2.2,14.4
"USC00394651","2023-03-16",43.10013,-101.56581,0,-5.6,16.1
"USC00394651","2023-03-17",43.10013,-101.56581,0,-6.7,0.6
"USC00394651","2023-03-18",43.10013,-101.56581,0,-13.9,-1.1
"USC00394651","2023-03-19",43.10013,-101.56581,0,-11.1,0.6
"USC00394651","2023-03-20",43.10013,-101.56581,0,-8.3,11.7
"USC00394651","2023-03-21",43.10013,-101.56581,0,-6.7,3.9
"USC00394651","2023-03-22",43.10013,-101.56581,0,-7.2,10.6
"USC00394651","2023-03-23",43.10013,-101.56581,0,-5,-0.6
"USC00394651","2023-03-24",43.10013,-101.56581,0,-6.1,3.9
"USC00394651","2023-03-25",43.10013,-101.56581,0,-7.2,11.1
"USC00394651","2023-03-26",43.10013,-101.56581,0,-6.1,6.1
"USC00394651","2023-03-27",43.10013,-101.56581,0,-7.8,1.7
"USC00394651","2023-03-28",43.10013,-101.56581,0,-7.8,0.6
"USC00394651","2023-03-29",43.10013,-101.56581,0,-11.1,7.2
"USC00394651","2023-03-30",43.10013,-101.56581,0,-10.6,3.3
"USC00394651","2023-03-31",43.10013,-101.56581,2.3,-5.6,10.6
"USC00394651","2023-04-01",43.10013,-101.56581,6.4,-12.2,-2.8
"USC00394651","2023-04-02",43.10013,-101.56581,0,-2.8,11.7
"USC00394651","2023-04-03",43.10013,-101.56581,0,-1.1,13.3
"USC00394651","2023-04-04",43.10013,-101.56581,5.8,-7.2,0.6
"USC00394651","2023-04-05",43.10013,-101.56581,3.8,-9.4,-7.2
"USC00394651","2023-04-06",43.10013,-101.56581,0,-13.3,-2.2
"USC00394651","2023-04-07",43.10013,-101.56581,0,-7.2,4.4
"USC00394651","2023-04-08",43.10013,-101.56581,0,-3.3,16.1
"USC00394651","2023-04-09",43.10013,-101.56581,0,0,19.4
"USC00394651","2023-04-10",43.10013,-101.56581,0,-1.7,18.9
"USC00394651","2023-04-11",43.10013,-101.56581,0,9.4,22.8
"USC00394651","2023-04-12",43.10013,-101.56581,0,5.6,30
"USC00394651","2023-04-13",43.10013,-101.56581,0,1.1,26.7
"USC00394651","2023-04-14",43.10013,-101.56581,6.6,2.8,16.1
"USC00394651","2023-04-15",43.10013,-101.56581,10.7,0,4.4
"USC00394651","2023-04-16",43.10013,-101.56581,0,-5,6.7
"USC00394651","2023-04-17",43.10013,-101.56581,0,-0.6,11.7
"USC00394651","2023-04-18",43.10013,-101.56581,0,1.7,19.4
"USC00394651","2023-04-19",43.10013,-101.56581,0,1.1,22.2
"USC00394651","2023-04-20",43.10013,-101.56581,0,1.1,14.4
"USC00394651","2023-04-21",43.10013,-101.56581,0,-3.3,7.8
"USC00394651","2023-04-22",43.10013,-101.56581,0,-5,2.8
"USC00394651","2023-04-23",43.10013,-101.56581,0,-5.6,6.7
"USC00394651","2023-04-24",43.10013,-101.56581,0,-4.4,10.6
"USC00394651","2023-04-25",43.10013,-101.56581,0,-2.2,16.1
"USC00394651","2023-04-26",43.10013,-101.56581,0,-0.6,13.9
"USC00394651","2023-04-27",43.10013,-101.56581,0.8,5,19.4
"USC00394651","2023-04-28",43.10013,-101.56581,3.6,2.2,18.3
"USC00394651","2023-04-29",43.10013,-101.56581,0,2.8,13.9
"USC00394651","2023-04-30",43.10013,-101.56581,0,-3.9,16.7
"USC00394651","2023-05-01",43.10013,-101.56581,0,-6.7,12.2
"USC00394651","2023-05-02",43.10013,-101.56581,0,-1.7,15
"USC00394651","2023-05-03",43.10013,-101.56581,0,3.3,18.3
"USC00394651","2023-05-04",43.10013,-101.56581,0,5.6,26.7
"USC00394651","2023-05-05",43.10013,-101.56581,0,4.4,25
"USC00394651","2023-05-06",43.10013,-101.56581,24.9,9.4,22.8
"USC00394651","2023-05-07",43.10013,-101.56581,0,7.2,22.2
"USC00394651","2023-05-08",43.10013,-101.56581,0,1.7,22.8
"USC00394651","2023-05-09",43.10013,-101.56581,4.6,10,22.8
"USC00394651","2023-05-10",43.10013,-101.56581,0.8,10.6,24.4
"USC00394651","2023-05-11",43.10013,-101.56581,0.5,12.8,23.9
"USC00394651","2023-05-12",43.10013,-101.56581,25.4,13.3,22.8
"USC00394651","2023-05-13",43.10013,-101.56581,NA,12.2,20.6
"USC00394651","2023-05-14",43.10013,-101.56581,NA,11.7,16.1
"USC00394651","2023-05-15",43.10013,-101.56581,25.4,9.4,15
"USC00394651","2023-05-16",43.10013,-101.56581,0,6.7,20.6
"USC00394651","2023-05-17",43.10013,-101.56581,0,6.7,22.8
"USC00394651","2023-05-18",43.10013,-101.56581,2.5,6.7,27.8
"USC00394651","2023-05-19",43.10013,-101.56581,0,1.7,18.9
"USC00394651","2023-05-20",43.10013,-101.56581,0,2.8,16.1
"USC00394651","2023-05-21",43.10013,-101.56581,0,8.3,25
"USC00394651","2023-05-22",43.10013,-101.56581,0,10,25
"USC00394651","2023-05-23",43.10013,-101.56581,0,12.8,27.2
"USC00394651","2023-05-24",43.10013,-101.56581,0,13.3,27.2
"USC00394651","2023-05-25",43.10013,-101.56581,0,12.8,25
"USC00394651","2023-05-26",43.10013,-101.56581,0,12.8,25.6
"USC00394651","2023-05-27",43.10013,-101.56581,NA,12.8,23.3
"USC00394651","2023-05-28",43.10013,-101.56581,NA,12.8,25.6
"USC00394651","2023-05-29",43.10013,-101.56581,NA,9.4,25
"USC00394651","2023-05-30",43.10013,-101.56581,36.8,10,28.3
"USC00394651","2023-05-31",43.10013,-101.56581,36.8,12.2,28.9
"USC00394651","2023-06-01",43.10013,-101.56581,0,12.2,27.2
"USC00394651","2023-06-02",43.10013,-101.56581,0,14.4,27.2
"USC00394651","2023-06-03",43.10013,-101.56581,NA,14.4,25
"USC00394651","2023-06-04",43.10013,-101.56581,NA,15.6,26.1
"USC00394651","2023-06-05",43.10013,-101.56581,8.9,16.1,26.7
"USC00394651","2023-06-06",43.10013,-101.56581,0,12.8,28.3
"USC00394651","2023-06-07",43.10013,-101.56581,0,13.3,28.3
"USC00394651","2023-06-08",43.10013,-101.56581,0,11.7,30
"USC00394651","2023-06-09",43.10013,-101.56581,0,12.8,31.1
"USC00394651","2023-06-10",43.10013,-101.56581,NA,16.1,28.3
"USC00394651","2023-06-11",43.10013,-101.56581,NA,13.9,20
"USC00394651","2023-06-12",43.10013,-101.56581,30.5,7.2,19.4
"USC00394651","2023-06-13",43.10013,-101.56581,0,7.2,28.3
"USC00394651","2023-06-14",43.10013,-101.56581,0,5.6,23.3
"USC00394651","2023-06-15",43.10013,-101.56581,0,13.3,26.7
"USC00394651","2023-06-16",43.10013,-101.56581,2,12.2,28.9
"USC00394651","2023-06-17",43.10013,-101.56581,0,5,16.7
"USC00394651","2023-06-18",43.10013,-101.56581,0,7.2,23.9
"USC00394651","2023-06-19",43.10013,-101.56581,0,15,28.3
"USC00394651","2023-06-20",43.10013,-101.56581,0,19.4,32.8
"USC00394651","2023-06-21",43.10013,-101.56581,0.8,16.1,29.4
"USC00394651","2023-06-22",43.10013,-101.56581,0,15.6,23.3
"USC00394651","2023-06-23",43.10013,-101.56581,5.1,15.6,22.2
"USC00394651","2023-06-24",43.10013,-101.56581,22.4,12.2,25.6
"USC00394651","2023-06-25",43.10013,-101.56581,4.6,10,23.9
"USC00394651","2023-06-26",43.10013,-101.56581,0,8.9,23.9
"USC00394651","2023-06-27",43.10013,-101.56581,0,13.9,24.4
"USC00394651","2023-06-28",43.10013,-101.56581,0,11.1,27.8
"USC00394651","2023-06-29",43.10013,-101.56581,0,12.8,25.6
"USC00394651","2023-06-30",43.10013,-101.56581,12.4,13.9,27.2
"USC00394651","2023-07-01",43.10013,-101.56581,0,14.4,25
"USC00394651","2023-07-02",43.10013,-101.56581,0,14.4,26.7
"USC00394651","2023-07-03",43.10013,-101.56581,17.8,13.9,31.1
"USC00394651","2023-07-04",43.10013,-101.56581,0,14.4,30.6
"USC00394651","2023-07-05",43.10013,-101.56581,5.6,10.6,21.1
"USC00394651","2023-07-06",43.10013,-101.56581,0,7.2,17.8
"USC00394651","2023-07-07",43.10013,-101.56581,25.4,11.7,23.3
"USC00394651","2023-07-08",43.10013,-101.56581,0,11.1,24.4
"USC00394651","2023-07-09",43.10013,-101.56581,0,8.3,25
"USC00394651","2023-07-10",43.10013,-101.56581,0,13.9,27.8
"USC00394651","2023-07-11",43.10013,-101.56581,0,16.1,31.1
"USC00394651","2023-07-12",43.10013,-101.56581,0.5,12.2,25.6
"USC00394651","2023-07-13",43.10013,-101.56581,0,12.8,27.2
"USC00394651","2023-07-14",43.10013,-101.56581,14,15,31.1
"USC00394651","2023-07-15",43.10013,-101.56581,0,10.6,26.1
"USC00394651","2023-07-16",43.10013,-101.56581,0,11.1,26.7
"USC00394651","2023-07-17",43.10013,-101.56581,3.3,11.1,28.9
"USC00394651","2023-07-18",43.10013,-101.56581,0,13.9,29.4
"USC00394651","2023-07-19",43.10013,-101.56581,0,17.8,29.4
"USC00394651","2023-07-20",43.10013,-101.56581,0,11.1,27.8
"USC00394651","2023-07-21",43.10013,-101.56581,0,10.6,23.9
"USC00394651","2023-07-22",43.10013,-101.56581,0,11.7,28.3
"USC00394651","2023-07-23",43.10013,-101.56581,0,14.4,32.2
"USC00394651","2023-07-24",43.10013,-101.56581,0,14.4,34.4
"USC00394651","2023-07-25",43.10013,-101.56581,27.9,17.8,32.2
"USC00394651","2023-07-26",43.10013,-101.56581,0,14.4,34.4
"USC00394651","2023-07-27",43.10013,-101.56581,0,14.4,33.9
"USC00394651","2023-07-28",43.10013,-101.56581,1,12.8,34.4
"USC00394651","2023-07-29",43.10013,-101.56581,0,16.1,28.9
"USC00394651","2023-07-30",43.10013,-101.56581,0,18.9,27.8
"USC00394651","2023-07-31",43.10013,-101.56581,30.5,18.3,31.1
"USC00394651","2023-08-01",43.10013,-101.56581,0,18.9,31.7
"USC00394651","2023-08-02",43.10013,-101.56581,86.4,18.3,30.6
"USC00394651","2023-08-03",43.10013,-101.56581,0,16.1,28.9
"USC00394651","2023-08-04",43.10013,-101.56581,17.8,16.1,28.9
"USC00394651","2023-08-05",43.10013,-101.56581,0,16.1,28.3
"USC00394651","2023-08-06",43.10013,-101.56581,1.5,13.9,25
"USC00394651","2023-08-07",43.10013,-101.56581,0,11.7,23.3
"USC00394651","2023-08-08",43.10013,-101.56581,0,11.7,20
"USC00394651","2023-08-09",43.10013,-101.56581,9.1,11.7,24.4
"USC00394651","2023-08-10",43.10013,-101.56581,0,14.4,26.1
"USC00394651","2023-08-11",43.10013,-101.56581,0,13.3,27.8
"USC00394651","2023-08-12",43.10013,-101.56581,0,12.2,28.3
"USC00394651","2023-08-13",43.10013,-101.56581,37.6,14.4,28.9
"USC00394651","2023-08-14",43.10013,-101.56581,0,8.9,20.6
"USC00394651","2023-08-15",43.10013,-101.56581,0,10,23.3
"USC00394651","2023-08-16",43.10013,-101.56581,0,13.9,30
"USC00394651","2023-08-17",43.10013,-101.56581,0,10,33.3
"USC00394651","2023-08-18",43.10013,-101.56581,0,18.9,27.2
"USC00394651","2023-08-19",43.10013,-101.56581,0,17.2,34.4
"USC00394651","2023-08-20",43.10013,-101.56581,0,13.9,28.3
"USC00394651","2023-08-21",43.10013,-101.56581,0,15.6,23.9
"USC00394651","2023-08-22",43.10013,-101.56581,0,19.4,34.4
"USC00394651","2023-08-23",43.10013,-101.56581,0,17.8,34.4
"USC00394651","2023-08-24",43.10013,-101.56581,0,17.8,33.9
"USC00394651","2023-08-25",43.10013,-101.56581,0,19.4,30.6
"USC00394651","2023-08-26",43.10013,-101.56581,0,7.2,24.4
"USC00394651","2023-08-27",43.10013,-101.56581,0,11.7,25.6
"USC00394651","2023-08-28",43.10013,-101.56581,0,15.6,30.6
"USC00394651","2023-08-29",43.10013,-101.56581,0,8.3,30
"USC00394651","2023-08-30",43.10013,-101.56581,0,11.1,29.4
"USC00394651","2023-08-31",43.10013,-101.56581,0,11.1,31.1
"USC00394651","2023-09-01",43.10013,-101.56581,0,17.2,28.9
"USC00394651","2023-09-02",43.10013,-101.56581,0,16.1,32.8
"USC00394651","2023-09-03",43.10013,-101.56581,0,15,35.6
"USC00394651","2023-09-04",43.10013,-101.56581,0,20,33.9
"USC00394651","2023-09-05",43.10013,-101.56581,3,12.2,33.3
"USC00394651","2023-09-06",43.10013,-101.56581,0,2.8,17.2
"USC00394651","2023-09-07",43.10013,-101.56581,0,3.3,25
"USC00394651","2023-09-08",43.10013,-101.56581,0,7.8,30
"USC00394651","2023-09-09",43.10013,-101.56581,NA,14.4,28.3
"USC00394651","2023-09-10",43.10013,-101.56581,NA,13.3,23.3
"USC00394651","2023-09-11",43.10013,-101.56581,13.2,8.3,17.2
"USC00394651","2023-09-12",43.10013,-101.56581,0,8.9,20.6
"USC00394651","2023-09-13",43.10013,-101.56581,0,11.7,23.9
"USC00394651","2023-09-14",43.10013,-101.56581,0,10,25.6
"USC00394651","2023-09-15",43.10013,-101.56581,0,7.2,21.1
"USC00394651","2023-09-16",43.10013,-101.56581,0,5,23.9
"USC00394651","2023-09-17",43.10013,-101.56581,0,6.7,23.3
"USC00394651","2023-09-18",43.10013,-101.56581,0,6.1,28.3
"USC00394651","2023-09-19",43.10013,-101.56581,0,7.2,29.4
"USC00394651","2023-09-20",43.10013,-101.56581,0,6.1,28.3
"USC00394651","2023-09-21",43.10013,-101.56581,0.5,8.9,27.8
"USC00394651","2023-09-22",43.10013,-101.56581,1,11.7,21.1
"USC00394651","2023-09-23",43.10013,-101.56581,12.2,11.7,16.7
"USC00394651","2023-09-24",43.10013,-101.56581,0,6.7,17.8
"USC00394651","2023-09-25",43.10013,-101.56581,0,5,20.6
"USC00394651","2023-09-26",43.10013,-101.56581,0,4.4,22.8
"USC00394651","2023-09-27",43.10013,-101.56581,0,6.1,22.2
"USC00394651","2023-09-28",43.10013,-101.56581,0,10.6,25.6
"USC00394651","2023-09-29",43.10013,-101.56581,0,10.6,22.8
"USC00394651","2023-09-30",43.10013,-101.56581,0,5,21.1
"USC00394651","2023-10-01",43.10013,-101.56581,0,13.9,26.1
"USC00394651","2023-10-02",43.10013,-101.56581,0,7.8,27.2
"USC00394651","2023-10-03",43.10013,-101.56581,5.6,11.7,28.3
"USC00394651","2023-10-04",43.10013,-101.56581,0,5,22.8
"USC00394651","2023-10-05",43.10013,-101.56581,0,5,17.8
"USC00394651","2023-10-06",43.10013,-101.56581,0,0.6,16.1
"USC00394651","2023-10-07",43.10013,-101.56581,0,-3.9,8.3
"USC00394651","2023-10-08",43.10013,-101.56581,0,0.6,19.4
"USC00394651","2023-10-09",43.10013,-101.56581,0,0,20
"USC00394651","2023-10-10",43.10013,-101.56581,0,0.6,20
"USC00394651","2023-10-11",43.10013,-101.56581,0,1.1,21.7
"USC00394651","2023-10-12",43.10013,-101.56581,17.3,4.4,20
"USC00394651","2023-10-13",43.10013,-101.56581,52.8,5,7.2
"USC00394651","2023-10-14",43.10013,-101.56581,2,0,7.8
"USC00394651","2023-10-15",43.10013,-101.56581,0,-1.7,10.6
"USC00394651","2023-10-16",43.10013,-101.56581,0,5.6,13.3
"USC00394651","2023-10-17",43.10013,-101.56581,0,6.1,18.9
"USC00394651","2023-10-18",43.10013,-101.56581,0.5,5,26.1
"USC00394651","2023-10-19",43.10013,-101.56581,0,2.2,15
"USC00394651","2023-10-20",43.10013,-101.56581,0,2.8,22.8
"USC00394651","2023-10-21",43.10013,-101.56581,0,2.8,23.9
"USC00394651","2023-10-22",43.10013,-101.56581,0,5,16.1
"USC00394651","2023-10-23",43.10013,-101.56581,0,0.6,17.8
"USC00394651","2023-10-24",43.10013,-101.56581,0,1.1,22.2
"USC00394651","2023-10-25",43.10013,-101.56581,0,5,8.3
"USC00394651","2023-10-26",43.10013,-101.56581,0,-4.4,14.4
"USC00394651","2023-10-27",43.10013,-101.56581,0.3,-13.3,-2.8
"USC00394651","2023-10-28",43.10013,-101.56581,0,-8.9,-3.9
"USC00394651","2023-10-29",43.10013,-101.56581,4.3,-13.9,-5.6
"USC00394651","2023-10-30",43.10013,-101.56581,0,-13.3,-2.8
"USC00394651","2023-10-31",43.10013,-101.56581,0,-14.4,5
"USC00394651","2023-11-01",43.10013,-101.56581,0,-15,2.2
"USC00394651","2023-11-02",43.10013,-101.56581,0,-6.1,11.1
"USC00394651","2023-11-03",43.10013,-101.56581,0,-6.1,16.1
"USC00394651","2023-11-04",43.10013,-101.56581,0,-0.6,13.3
"USC00394651","2023-11-05",43.10013,-101.56581,0,4.4,16.1
"USC00394651","2023-11-06",43.10013,-101.56581,0,-0.6,23.3
"USC00394651","2023-11-07",43.10013,-101.56581,0,1.1,18.3
"USC00394651","2023-11-08",43.10013,-101.56581,0,0.6,15.6
"USC00394651","2023-11-09",43.10013,-101.56581,0,-5,8.9
"USC00394651","2023-11-10",43.10013,-101.56581,0,-10,7.8
"USC00394651","2023-11-11",43.10013,-101.56581,0,-4.4,8.9
"USC00394651","2023-11-12",43.10013,-101.56581,0,-1.1,11.1
"USC00394651","2023-11-13",43.10013,-101.56581,0,0.6,14.4
"USC00394651","2023-11-14",43.10013,-101.56581,0,4.4,17.8
"USC00394651","2023-11-15",43.10013,-101.56581,0,-3.9,13.9
"USC00394651","2023-11-16",43.10013,-101.56581,0,-1.7,20.6
"USC00394651","2023-11-17",43.10013,-101.56581,0,-6.1,14.4
"USC00394651","2023-11-18",43.10013,-101.56581,0,-3.3,11.7
"USC00394651","2023-11-19",43.10013,-101.56581,0,-0.6,16.1
"USC00394651","2023-11-20",43.10013,-101.56581,2.3,0.6,12.8
"USC00394651","2023-11-21",43.10013,-101.56581,0.5,-3.3,6.7
"USC00394651","2023-11-22",43.10013,-101.56581,0,-3.9,8.3
"USC00394651","2023-11-23",43.10013,-101.56581,0,-6.1,17.2
"USC00394651","2023-11-24",43.10013,-101.56581,0.5,-10.6,-2.8
"USC00394651","2023-11-25",43.10013,-101.56581,1,-12.8,-8.3
"USC00394651","2023-11-26",43.10013,-101.56581,0,-11.7,-1.7
"USC00394651","2023-11-27",43.10013,-101.56581,0,-12.2,0.6
"USC00394651","2023-11-28",43.10013,-101.56581,0,-8.3,2.8
"USC00394651","2023-11-29",43.10013,-101.56581,0,-7.8,8.9
"USC00394651","2023-11-30",43.10013,-101.56581,0,-8.3,11.1
"USC00394651","2023-12-01",43.10013,-101.56581,0,-9.4,0.6
"USC00394651","2023-12-02",43.10013,-101.56581,0,-8.9,1.7
"USC00394651","2023-12-03",43.10013,-101.56581,0,-7.8,4.4
"USC00394651","2023-12-04",43.10013,-101.56581,0,-7.8,5.6
"USC00394651","2023-12-05",43.10013,-101.56581,0,-9.4,5.6
"USC00394651","2023-12-06",43.10013,-101.56581,0,-6.1,8.3
"USC00394651","2023-12-07",43.10013,-101.56581,0,0.6,15.6
"USC00394651","2023-12-08",43.10013,-101.56581,0,-3.3,16.7
"USC00394651","2023-12-09",43.10013,-101.56581,0,-3.9,6.1
"USC00394651","2023-12-10",43.10013,-101.56581,0,-10,1.1
"USC00394651","2023-12-11",43.10013,-101.56581,0,-7.8,4.4
"USC00394651","2023-12-12",43.10013,-101.56581,0,-7.8,10
"USC00394651","2023-12-13",43.10013,-101.56581,0.5,-9.4,-2.2
"USC00394651","2023-12-14",43.10013,-101.56581,0,-8.9,4.4
"USC00394651","2023-12-15",43.10013,-101.56581,0,-6.1,3.9
"USC00394651","2023-12-16",43.10013,-101.56581,0,-11.1,3.9
"USC00394651","2023-12-17",43.10013,-101.56581,0,-7.8,13.3
"USC00394651","2023-12-18",43.10013,-101.56581,0,-11.1,11.1
"USC00394651","2023-12-19",43.10013,-101.56581,0,-9.4,8.9
"USC00394651","2023-12-20",43.10013,-101.56581,0,-7.2,11.1
"USC00394651","2023-12-21",43.10013,-101.56581,0,-3.9,13.3
"USC00394651","2023-12-22",43.10013,-101.56581,0,-2.8,13.9
"USC00394651","2023-12-23",43.10013,-101.56581,0,-1.7,14.4
"USC00394651","2023-12-24",43.10013,-101.56581,0,-3.9,9.4
"USC00394651","2023-12-25",43.10013,-101.56581,NA,-7.8,-2.8
"USC00394651","2023-12-26",43.10013,-101.56581,NA,-7.2,-4.4
"USC00394651","2023-12-27",43.10013,-101.56581,8.1,-4.4,-0.6
"USC00394651","2023-12-28",43.10013,-101.56581,0,-12.2,-0.6
"USC00394651","2023-12-29",43.10013,-101.56581,0,-11.7,0
"USC00394651","2023-12-30",43.10013,-101.56581,0,-6.1,3.3
