"","site_no","DroughtDeficit_fixed10_MMD_tau","DroughtDeficit_fixed20_MMD_tau","DroughtDeficit_fixed2_MMD_tau","DroughtDeficit_fixed30_MMD_tau","DroughtDeficit_fixed5_MMD_tau","DroughtDeficit_variable10_MMD_tau","DroughtDeficit_variable20_MMD_tau","DroughtDeficit_variable2_MMD_tau","DroughtDeficit_variable30_MMD_tau","DroughtDeficit_variable5_MMD_tau","DroughtDuration_fixed10_days_tau","DroughtDuration_fixed20_days_tau","DroughtDuration_fixed2_days_tau","DroughtDuration_fixed30_days_tau","DroughtDuration_fixed5_days_tau","DroughtDuration_variable10_days_tau","DroughtDuration_variable20_days_tau","DroughtDuration_variable2_days_tau","DroughtDuration_variable30_days_tau","DroughtDuration_variable5_days_tau","Max_7DayStreamflow_Fall_SON_MMD_tau","Max_7DayStreamflow_MMD_tau","Max_7DayStreamflow_Spring_MAM_MMD_tau","Max_7DayStreamflow_Summer_JJA_MMD_tau","Max_7DayStreamflow_Winter_DJF_MMD_tau","MeanAnnualQ_MMD_tau","MeanFall_SON_MMD_tau","MeanSpring_MAM_MMD_tau","MeanSummer_JJA_MMD_tau","MeanWinter_DJF_MMD_tau","Min_7DayStreamflow_Fall_SON_MMD_tau","Min_7DayStreamflow_MMD_tau","Min_7DayStreamflow_Spring_MAM_MMD_tau","Min_7DayStreamflow_Summer_JJA_MMD_tau","Min_7DayStreamflow_Winter_DJF_MMD_tau","Year_tau","DroughtDeficit_fixed10_MMD_p_value","DroughtDeficit_fixed20_MMD_p_value","DroughtDeficit_fixed2_MMD_p_value","DroughtDeficit_fixed30_MMD_p_value","DroughtDeficit_fixed5_MMD_p_value","DroughtDeficit_variable10_MMD_p_value","DroughtDeficit_variable20_MMD_p_value","DroughtDeficit_variable2_MMD_p_value","DroughtDeficit_variable30_MMD_p_value","DroughtDeficit_variable5_MMD_p_value","DroughtDuration_fixed10_days_p_value","DroughtDuration_fixed20_days_p_value","DroughtDuration_fixed2_days_p_value","DroughtDuration_fixed30_days_p_value","DroughtDuration_fixed5_days_p_value","DroughtDuration_variable10_days_p_value","DroughtDuration_variable20_days_p_value","DroughtDuration_variable2_days_p_value","DroughtDuration_variable30_days_p_value","DroughtDuration_variable5_days_p_value","Max_7DayStreamflow_Fall_SON_MMD_p_value","Max_7DayStreamflow_MMD_p_value","Max_7DayStreamflow_Spring_MAM_MMD_p_value","Max_7DayStreamflow_Summer_JJA_MMD_p_value","Max_7DayStreamflow_Winter_DJF_MMD_p_value","MeanAnnualQ_MMD_p_value","MeanFall_SON_MMD_p_value","MeanSpring_MAM_MMD_p_value","MeanSummer_JJA_MMD_p_value","MeanWinter_DJF_MMD_p_value","Min_7DayStreamflow_Fall_SON_MMD_p_value","Min_7DayStreamflow_MMD_p_value","Min_7DayStreamflow_Spring_MAM_MMD_p_value","Min_7DayStreamflow_Summer_JJA_MMD_p_value","Min_7DayStreamflow_Winter_DJF_MMD_p_value","Year_p_value","station_name","station_lat","station_lon"
"1","06821500",1,1,1,0.615559279918671,1,0.33070370554924,0.439306110143661,1,0.431877791881561,0.185671135783195,0.615559279918671,0.615559279918671,0.615559279918671,0.586101293563843,0.615559279918671,0.600333452224731,0.570593059062958,0.615559279918671,0.561833262443542,0.615559279918671,-0.431531131267548,-0.571717143058777,-0.577059209346771,-0.498231500387192,-0.66416722536087,-0.555555582046509,-0.413340121507645,-0.605356335639954,-0.439616024494171,-0.685883343219757,-0.631011724472046,-0.642109811306,-0.731815040111542,-0.203631728887558,-0.639545440673828,1,1,1,1,0,1,0.00382459163665771,4.70876693725586e-05,1,3.51667404174805e-05,0.130166172981262,0,0,0,0,0,0,1.19209289550781e-07,0,1.19209289550781e-07,0,3.08002236124594e-05,3.25733680028861e-08,2.4584485558421e-08,1.48583592363138e-06,3.15460296773651e-10,7.85215092946601e-08,6.56906559015624e-05,4.91256146872843e-09,2.17882989090867e-05,9.56757867376368e-11,1.46273055889878e-08,1.37493127994048e-08,8.74399337658094e-12,0.0575539618730545,6.60425270027076e-09,0,"Arikaree River nr Haigler, Nebr.",40.0178611,-101.9963056
"2","06823000",0.488262891769409,0.406060606241226,0.481338232755661,0.408080816268921,0.523423194885254,0.325876384973526,0.35055884718895,0.166145250201225,0.34343433380127,0.215383246541023,0.406983584165573,0.321667462587357,0.458389341831207,0.374875068664551,0.470078200101852,0.424439817667007,0.395944178104401,0.232266768813133,0.380567580461502,0.385634005069733,-0.207175374031067,-0.117171719670296,-0.143434345722198,-0.266666680574417,-0.0838807597756386,-0.30303031206131,-0.351515144109726,-0.246464639902115,-0.290909081697464,-0.0949494913220406,-0.414141416549683,-0.470707058906555,-0.176857024431229,-0.490909099578857,-0.0818595364689827,1,3.09944152832031e-06,8.74996185302734e-05,5.16176223754883e-05,8.07046890258789e-05,1.31130218505859e-06,0.00177836418151855,0.000734686851501465,0.133799195289612,0.00091242790222168,0.0422087907791138,9.93013381958008e-05,0.0019838809967041,0.000101804733276367,0.000305414199829102,1.20401382446289e-05,4.63724136352539e-05,0.00014030933380127,0.0374412536621094,0.000243425369262695,0.000255227088928223,0.0459678210318089,0.260603100061417,0.167800113558769,0.0100894039496779,0.422443866729736,0.00344551890157163,0.000687628460582346,0.0174491871148348,0.00499237049371004,0.362951338291168,6.30836657364853e-05,5.39582151759532e-06,0.0887169241905212,2.09099584935757e-06,0.433848530054092,0,"North Fork Republican River at Colorado-Nebraska",40.06943516,-102.0512979
"3","06823500",0.320620000362396,0.179797977209091,1,0.311111122369766,1,0.52620530128479,0.599725306034088,0.389770597219467,0.646406173706055,0.534865200519562,0.232665181159973,0.232846960425377,0.348034888505936,0.542324721813202,0.348034888505936,0.566064298152924,0.615163385868073,0.38655561208725,0.678159356117249,0.531187772750854,-0.655207574367523,-0.488125383853912,-0.517171740531921,-0.369696974754333,-0.694290101528168,-0.743434369564056,-0.709090888500214,-0.705050528049469,-0.282828271389008,-0.79595959186554,-0.418956190347672,-0.367259651422501,-0.458270639181137,-0.199891284108162,-0.610015869140625,1,0.0021061897277832,0.0833678245544434,1,0.00267183780670166,1,1.31130218505859e-06,0,0.000809788703918457,0,1.07288360595703e-06,0.0261775255203247,0.0256121158599854,0.000891923904418945,1.19209289550781e-07,0.000891923904418945,0,0,0.000212550163269043,0,3.57627868652344e-07,2.4553287181206e-10,2.41350721807976e-06,5.76985485167825e-07,0.000356237054802477,1.93305250278941e-11,6.47889890608572e-13,7.01221285898113e-12,9.21389527175354e-12,0.00634752726182342,1.37472939119605e-14,0.000110078195575625,0.00228291610255837,9.76176852418575e-06,0.0942714586853981,3.86658927098438e-09,0,"Buffalo Creek near Haigler, Nebr.",40.03944444,-101.8666667
"4","06824000",0.648518919944763,0.737125158309937,0.483352899551392,0.743484437465668,0.590968787670135,0.617060899734497,0.689931154251099,0.529351890087128,0.74036180973053,0.590968787670135,0.671994566917419,0.754451811313629,0.51404196023941,0.744340419769287,0.63234668970108,0.658198297023773,0.722969472408295,0.54028731584549,0.757031321525574,0.624371349811554,-0.503539204597473,-0.25682520866394,-0.404449135065079,-0.417382568120956,-0.495694935321808,-0.662626266479492,-0.709090888500214,-0.579797983169556,-0.589899003505707,-0.608080804347992,-0.682162821292877,-0.64173835515976,-0.529292941093445,-0.615462422370911,-0.589783191680908,1,0,0,4.35113906860352e-05,0,2.38418579101562e-07,0,0,6.67572021484375e-06,0,2.38418579101562e-07,0,0,1.37090682983398e-05,0,0,0,0,4.41074371337891e-06,0,0,1.16042542686046e-06,0.0133175132796168,9.48041342780925e-05,5.56563099962659e-05,1.79239725639491e-06,1.48003581612599e-10,7.01221285898113e-12,2.07931769580227e-08,1.17653051745492e-08,4.12318179598969e-09,4.29291081849303e-11,5.56484580638283e-10,3.11829722932089e-07,2.71546007901691e-09,1.23872281321269e-08,0,"Rock Creek at Parks, Nebr.",40.0422222,-101.7280556
"5","06827500",1,1,1,1,1,1,0.358746081590652,1,0.490287065505981,1,0.419254451990128,0.419254451990128,0.419254451990128,0.419254451990128,0.419254451990128,0.419254451990128,0.413927406072617,0.419254451990128,0.41962593793869,0.419254451990128,-0.479254007339478,-0.473296195268631,-0.482155054807663,-0.412225723266602,-0.643506228923798,-0.601544201374054,-0.447109699249268,-0.578900039196014,-0.383236140012741,-0.601477146148682,-0.1929991543293,-0.188612818717957,-0.58438366651535,-0.197755187749863,-0.414225161075592,1,1,1,1,1,1,1,0.00301170349121094,1,1.10864639282227e-05,1,6.11543655395508e-05,6.11543655395508e-05,6.11543655395508e-05,6.11543655395508e-05,6.11543655395508e-05,6.11543655395508e-05,7.53402709960938e-05,6.11543655395508e-05,5.88893890380859e-05,6.11543655395508e-05,1.05801254903781e-05,5.48929847354884e-06,3.88392618333455e-06,7.57617890485562e-05,1.99987759685882e-09,7.4963448781773e-09,3.93796981370542e-05,2.88007377946542e-08,0.000251954508712515,2.04290255823025e-08,0.117165297269821,0.125827357172966,5.07506037195071e-08,0.101861663162708,0.000174460714333691,0,"South Fork Republican River near Benkelman, Nebr.",40.01027778,-101.5419444
"6","06828500",1,1,1,0.253920376300812,1,0.272372871637344,0.321571290493011,0.134945228695869,0.377669811248779,0.226848959922791,0.174229666590691,0.174229666590691,0.174229666590691,0.315470337867737,0.174229666590691,0.215451166033745,0.282532542943954,0.175519347190857,0.348532497882843,0.191060468554497,-0.420309960842133,-0.442424237728119,-0.393939405679703,-0.347474753856659,-0.45252525806427,-0.523232340812683,-0.414261400699615,-0.488888889551163,-0.29898989200592,-0.440404027700424,-0.0291287638247013,-0.00670025264844298,-0.269833296537399,0.0553120486438274,-0.330970853567123,1,1,1,1,0.0144447088241577,1,0.0163240432739258,0.00275552272796631,0.272417068481445,0.000281095504760742,0.0507478713989258,0.0958303213119507,0.0958303213119507,0.0958303213119507,0.00234544277191162,0.0958303213119507,0.0388364791870117,0.00652551651000977,0.0938457250595093,0.000789880752563477,0.0671110153198242,5.26987205375917e-05,1.91245617315872e-05,0.000141619631904177,0.000792687176726758,1.22721075968002e-05,4.24879175398019e-07,6.97851937729865e-05,2.3027364477457e-06,0.00390439620241523,2.08760320674628e-05,0.810915470123291,0.966359913349152,0.00926220044493675,0.639857769012451,0.00154250883497298,0,"Republican River at Stratton, Nebr.",40.14055556,-101.2297222
"7","06834000",0.485843896865845,0.49185386300087,0.324623465538025,0.52248615026474,0.406101405620575,0.349992036819458,0.403290152549744,0.418816983699799,0.460293918848038,0.35019451379776,0.54024863243103,0.575153231620789,0.369803339242935,0.590870499610901,0.414945870637894,0.437470257282257,0.471161812543869,0.418432414531708,0.52514785528183,0.392044305801392,-0.621526122093201,-0.596562504768372,-0.172989577054977,-0.661274313926697,-0.589783191680908,-0.707070708274841,-0.565656542778015,-0.294949501752853,-0.725252509117126,-0.594540238380432,-0.433552354574203,-0.397572547197342,-0.315790116786957,-0.43073832988739,-0.249873831868172,1,1.29938125610352e-05,2.62260437011719e-06,0.00641393661499023,4.76837158203125e-07,0.000361084938049316,0.00107097625732422,0.000112295150756836,0.000252842903137207,8.94069671630859e-06,0.00122666358947754,1.07288360595703e-06,0,0.00178039073944092,0,0.000278472900390625,4.06503677368164e-05,6.43730163574219e-06,0.000224113464355469,4.76837158203125e-07,0.00030982494354248,1.89416771156914e-09,8.2956779223764e-09,0.0962657779455185,1.67558217301078e-10,1.24004388979415e-08,8.03952564243371e-12,4.54329764920658e-08,0.00441812071949244,2.31726703797674e-12,9.31396026970788e-09,2.82624605461024e-05,0.000125451930216514,0.00234247138723731,3.21209590765648e-05,0.016093147918582,0,"Frenchman Creek at Palisade, Nebr.",40.35166667,-101.1236111
"8","06835500",0.0476996377110481,0.0868686884641647,1,0.125252529978752,0.138954669237137,0.291115641593933,0.361333668231964,0.24146868288517,0.416161626577377,0.292092174291611,0.0537614040076733,0.143870979547501,0.264521241188049,0.282819807529449,0.0452975332736969,0.327468514442444,0.349958002567291,0.233624577522278,0.399191558361053,0.382430016994476,-0.506316363811493,-0.244444444775581,-0.376958101987839,-0.105050504207611,-0.71385270357132,-0.446464657783508,-0.482828289270401,-0.347474753856659,-0.0444444455206394,-0.666666686534882,-0.188882723450661,-0.0214407425373793,-0.0181818176060915,0.00407345499843359,-0.337715029716492,1,0.661775827407837,0.40569281578064,1,0.228889107704163,0.232815027236938,0.00751268863677979,0.000524997711181641,0.0429563522338867,5.80549240112305e-05,0.00998783111572266,0.620176315307617,0.167678117752075,0.0292333364486694,0.00652039051055908,0.698207139968872,0.00233364105224609,0.000782966613769531,0.0476557016372681,0.00011599063873291,0.000618696212768555,1.00124498203513e-06,0.0183965247124434,0.000273489451501518,0.313656628131866,5.30392093092691e-12,1.60324743774254e-05,3.06871447719459e-06,0.000792687176726758,0.674018144607544,1.14426031150305e-10,0.0712662562727928,0.844561040401459,0.86792129278183,0.976554870605469,0.00112269935198128,0,"Frenchman Creek at Culbertson, Nebr.",40.2347215,-100.8782139
"9","06836500",0.448848903179169,0.497175365686417,0.293101459741592,0.54972517490387,0.397976934909821,0.384486198425293,0.515666604042053,0.236599966883659,0.554767549037933,0.302287369966507,0.445425748825073,0.499060392379761,0.286038756370544,0.54750406742096,0.392293274402618,0.3998062312603,0.533322334289551,0.243662640452385,0.556198477745056,0.334171861410141,-0.402020215988159,-0.179797977209091,-0.241536155343056,-0.339393943548203,-0.565656542778015,-0.484848499298096,-0.501010119915009,-0.335353523492813,-0.478787869215012,-0.555555582046509,-0.52854984998703,-0.543984115123749,-0.475998044013977,-0.524507403373718,-0.514401257038116,1,8.02278518676758e-05,9.05990600585938e-06,0.0150266885757446,4.76837158203125e-07,0.000583767890930176,0.000893473625183105,3.33786010742188e-06,0.0499811172485352,3.57627868652344e-07,0.0107176303863525,9.20295715332031e-05,7.62939453125e-06,0.017654538154602,4.76837158203125e-07,0.000721573829650879,0.000513076782226562,1.54972076416016e-06,0.0434792041778564,3.57627868652344e-07,0.00453698635101318,0.000102929247077554,0.0833678692579269,0.0198959894478321,0.00104887690395117,4.54329764920658e-08,2.78962625088752e-06,1.28378076169611e-06,0.00120392884127796,3.70934253624e-06,7.85215092946601e-08,3.27981069858652e-07,1.49147993511178e-07,4.26749556936556e-06,4.03108487034842e-07,6.70717838602286e-07,0,"Driftwood Creek near McCook, Nebr.",40.14583655,-100.6732083
"10","06837000",0.406101405620575,0.515219807624817,1,0.500051438808441,1,0.399686247110367,0.507524073123932,0.243707045912743,0.523766696453094,0.35333639383316,0.400128215551376,0.544418156147003,0.398093104362488,0.534171283245087,0.398093104362488,0.458727955818176,0.50133204460144,0.395318925380707,0.54957503080368,0.403115153312683,-0.416161626577377,-0.385858595371246,-0.338554859161377,-0.448484838008881,-0.616161644458771,-0.539393961429596,-0.470707058906555,-0.400000005960464,-0.569696962833405,-0.575757563114166,-0.406471371650696,-0.453442215919495,-0.329292923212051,-0.484082937240601,-0.451743364334106,1,0.000361084938049316,2.14576721191406e-06,1,1.78813934326172e-06,1,0.00055849552154541,3.33786010742188e-06,0.0459907054901123,4.76837158203125e-07,0.00286686420440674,0.000445008277893066,4.76837158203125e-07,0.000623464584350586,3.57627868652344e-07,0.000623464584350586,5.76972961425781e-05,3.33786010742188e-06,0.00068056583404541,1.19209289550781e-07,0.000510811805725098,5.80664782319218e-05,0.000193723346455954,0.00108520640060306,1.46712218338507e-05,2.5623110300188e-09,1.84835101890712e-07,5.39582151759532e-06,0.000111537759948988,3.64077550329966e-08,2.60444537047988e-08,8.742213685764e-05,1.22173141789972e-05,0.00147654768079519,2.92278559754777e-06,1.28218553072657e-05,0,"Republican River at McCook, Nebr.",40.18777778,-100.6186111
"11","06838000",0.554767549037933,0.530295312404633,0.376391768455505,0.533131659030914,0.501823246479034,0.567950189113617,0.585510194301605,0.51215398311615,0.547114968299866,0.501823246479034,0.554767549037933,0.5653355717659,0.4019435942173,0.535697877407074,0.527790486812592,0.613374888896942,0.578827559947968,0.537043929100037,0.509131968021393,0.531013607978821,-0.383838385343552,-0.0989898964762688,-0.0788675844669342,-0.280808091163635,-0.420202016830444,-0.264646470546722,-0.410100996494293,-0.21414141356945,-0.387878775596619,-0.400000005960464,-0.325252532958984,-0.428716093301773,-0.416582614183426,-0.43232324719429,-0.371717184782028,1,3.57627868652344e-07,3.57627868652344e-07,0.00114643573760986,2.38418579101562e-07,5.96046447753906e-06,1.19209289550781e-07,0,7.74860382080078e-06,1.19209289550781e-07,5.96046447753906e-06,3.57627868652344e-07,1.19209289550781e-07,0.000376224517822266,2.38418579101562e-07,2.02655792236328e-06,0,0,2.86102294921875e-06,9.5367431640625e-07,1.66893005371094e-06,0.000209315985557623,0.342679083347321,0.451263219118118,0.00673435814678669,4.91436403535772e-05,0.0106742642819881,7.4374554969836e-05,0.0390111245214939,0.000179227150510997,0.000111537759948988,0.00168876023963094,3.49862748407759e-05,5.79718362132553e-05,2.9531329346355e-05,0.000330536830006167,0,"Red Willow Creek near Red Willow, Nebr.",40.2347222,-100.5008333
"12","06843500",0.345743864774704,0.434346556663513,1,0.438921272754669,1,0.479143857955933,0.444978624582291,0.302148133516312,0.449631124734879,0.47389566898346,0.391518145799637,0.46313551068306,0.202312216162682,0.411017864942551,0.202312216162682,0.416858166456223,0.422287106513977,0.31337895989418,0.460726052522659,0.419709473848343,-0.170280292630196,-0.310782253742218,-0.175475686788559,-0.443151831626892,-0.301427841186523,-0.422832995653152,-0.338266372680664,-0.226215645670891,-0.456659615039825,-0.344608873128891,-0.31657001376152,-0.349577069282532,-0.276044458150864,-0.141649052500725,-0.208355396986008,1,0.00265371799468994,4.66108322143555e-05,1,2.82526016235352e-05,1,1.39474868774414e-05,3.44514846801758e-05,0.011623740196228,1.87158584594727e-05,3.11136245727539e-05,0.000593304634094238,1.35898590087891e-05,0.0900624990463257,9.03606414794922e-05,0.0900624990463257,0.000151753425598145,7.79628753662109e-05,0.00651180744171143,1.18017196655273e-05,0.00017094612121582,0.105584003031254,0.00304183037951589,0.0951464548707008,2.35801180679118e-05,0.00407112529501319,5.44651084055658e-05,0.00125336239580065,0.0312136821448803,1.30510607050383e-05,0.00101212179288268,0.00257305172272027,0.000873505079653114,0.00854243710637093,0.178561672568321,0.0474236570298672,0,"Republican River at Cambridge, Nebr.",40.28444444,-100.1436111
"13","06844500",0.168339461088181,0.172656506299973,1,0.201315358281136,1,0.159674540162086,0.183378607034683,0.0926278382539749,0.233030453324318,0.236179858446121,0.159925013780594,0.18406292796135,0.0768891051411629,0.292091637849808,0.0768891051411629,0.116152636706829,0.201563611626625,0.0798463746905327,0.272960722446442,0.179860055446625,-0.208080813288689,-0.240404039621353,-0.185858592391014,-0.208080813288689,-0.331313133239746,-0.32323232293129,-0.197979792952538,-0.264646470546722,-0.22424241900444,-0.258585870265961,-0.156211122870445,-0.12501285970211,-0.280808091163635,-0.127230167388916,-0.132390111684799,1,0.145385980606079,0.102329134941101,1,0.0527161359786987,1,0.162779331207275,0.0872507095336914,0.46138346195221,0.0250208377838135,0.0442566871643066,0.162727832794189,0.0792568922042847,0.520014524459839,0.004974365234375,0.520014524459839,0.306109189987183,0.0596288442611694,0.503781795501709,0.00871264934539795,0.117568612098694,0.0449229031801224,0.0204270668327808,0.0734274759888649,0.0449229031801224,0.0013799206353724,0.00180507590994239,0.0564490966498852,0.0106742642819881,0.0306264478713274,0.0126137724146247,0.136204078793526,0.235078424215317,0.00673435814678669,0.224497511982918,0.20345750451088,0,"Republican River near Orleans, Nebr.",40.13166667,-99.5025
"14","06846500",1,1,1,1,1,1,1,1,1,1,0.312477290630341,0.312477290630341,0.312477290630341,0.312477290630341,0.312477290630341,0.312477290630341,0.312477290630341,0.312477290630341,0.312477290630341,0.312477290630341,-0.174966529011726,-0.29236251115799,-0.148499697446823,-0.290339231491089,-0.202422052621841,-0.312595218420029,-0.194874688982964,-0.142089635133743,-0.279636532068253,-0.183908343315125,-0.0851849317550659,1,-0.167170956730843,-0.0811494439840317,-0.0811494439840317,1,1,1,1,1,1,1,1,1,1,1,0.00273704528808594,0.00273704528808594,0.00273704528808594,0.00273704528808594,0.00273704528808594,0.00273704528808594,0.00273704528808594,0.00273704528808594,0.00273704528808594,0.00273704528808594,0.120118491351604,0.00483535556122661,0.168470829725266,0.00513827940449119,0.0763240680098534,0.00258267275057733,0.0865355581045151,0.187751963734627,0.0071183885447681,0.103800982236862,0.508829295635223,1,0.172700762748718,0.524503767490387,0.524503767490387,0,"BEAVER C AT CEDAR BLUFFS, KS",39.98500557,-100.560148
"15","06847500",1,1,1,1,1,1,-0.244486883282661,1,-0.241825416684151,1,-0.245130956172943,-0.245130956172943,-0.245130956172943,-0.245130956172943,-0.245130956172943,-0.245130956172943,-0.246329456567764,-0.245130956172943,-0.25121808052063,-0.245130956172943,0.112313695251942,-0.090909093618393,0.0446706227958202,-0.090909093618393,0.120633229613304,0.072727270424366,0.132603675127029,0.095432698726654,-0.00404040422290564,0.211970508098602,0.202422052621841,0.202533423900604,0.259607374668121,0.235312342643738,0.227596238255501,1,1,1,1,1,1,1,0.0324787385761738,1,0.0265772137790918,1,0.0221979580819607,0.0221979580819607,0.0221979580819607,0.0221979580819607,0.0221979580819607,0.0221979580819607,0.0216176174581051,0.0221979580819607,0.0189561974257231,0.0221979580819607,0.291369438171387,0.383958101272583,0.673772811889648,0.383958101272583,0.256790399551392,0.487340688705444,0.215412616729736,0.362568259239197,0.976587891578674,0.0439820289611816,0.0763241052627563,0.0794121026992798,0.0157363414764404,0.0351804494857788,0.0396244525909424,0,"Sappa Creek near Stamford, Nebr.",40.1183333,-99.5169444
"16","06847900",1,-0.268784880638123,1,-0.208993121981621,1,-0.422732561826706,-0.369815140962601,-0.280726045370102,-0.296779632568359,-0.417512267827988,-0.268784880638123,-0.256448239088058,-0.268784880638123,-0.196845501661301,-0.268784880638123,-0.287384301424026,-0.277014046907425,-0.270961284637451,-0.236922174692154,-0.297393769025803,0.209037899971008,-0.0626262649893761,0.0828282833099365,-0.0989898964762688,0.131313130259514,0.0989898964762688,0.235679984092712,0.210101008415222,-0.0565656572580338,0.240404039621353,0.161807954311371,0.179727524518967,0.270980924367905,0.153726041316986,0.22021459043026,1,1,0.0132326856255531,1,0.0471577607095242,1,0.000188928635907359,0.00071789586218074,0.0221874210983515,0.00535501539707184,0.000332359573803842,0.0132326856255531,0.017541728913784,0.0132326856255531,0.0618810504674911,0.0132326856255531,0.00748554617166519,0.0100269597023726,0.0125041892752051,0.0264138970524073,0.00585169531404972,0.0463658571243286,0.550693333148956,0.428146243095398,0.342679083347321,0.206977844238281,0.342679023742676,0.0246280431747437,0.0428735017776489,0.590557992458344,0.0204271078109741,0.142335534095764,0.110297083854675,0.00899803638458252,0.165862321853638,0.0369453430175781,0,"PRAIRIE DOG C AB KEITH SEBELIUS LAKE, KS",39.769727,-100.1006875
"17","06853800",0.022934265434742,0.0166583396494389,-0.075172558426857,0.00627332320436835,0.00460336077958345,0,0.0318634733557701,0.118190348148346,0.0463060438632965,0.0714971870183945,0.0499157533049583,0.0277638994157314,-0.0335012637078762,0.016728863120079,0.0107411751523614,0,0.0307452064007521,0.060302272439003,0.0768680796027184,0.00138708401937038,0.00202020211145282,-0.127272725105286,-0.123232319951057,-0.0707070678472519,-0.138453781604767,-0.0949494913220406,-0.0666666701436043,-0.145454540848732,-0.030303031206131,-0.0868686884641647,0.0527925565838814,0.0396958105266094,-0.075795866549015,-0.00708144484087825,-0.0101010100916028,1,0.85153591632843,0.886572957038879,0.543552219867706,0.960587024688721,0.979226589202881,1,0.780108451843262,0.334257960319519,0.669995903968811,0.547842025756836,0.673676252365112,0.80682110786438,0.789390027523041,0.882144689559937,0.9377361536026,1,0.78804349899292,0.622697114944458,0.475477933883667,1,0.992194890975952,0.221409037709236,0.236547380685806,0.499688446521759,0.183367043733597,0.362951338291168,0.524873673915863,0.161851465702057,0.776650071144104,0.405692785978317,0.617570400238037,0.709719300270081,0.469110935926437,0.953187704086304,0.929844200611115,0,"WHITE ROCK C NR BURR OAK, KS",39.89918,-98.2503276
"18","06856000",0.199907496571541,0.250297337770462,0.0768555998802185,0.224942922592163,0.203901335597038,0.202200502157211,0.213161870837212,0.195180028676987,0.189347743988037,0.15652197599411,0.188850030303001,0.25666081905365,0.0936016738414764,0.217929840087891,0.219368278980255,0.227337464690208,0.208089888095856,0.194472342729568,0.221626237034798,0.163052454590797,-0.103030301630497,-0.121212124824524,-0.163636356592178,-0.0666666701436043,-0.189898982644081,-0.195959597826004,-0.167676761746407,-0.173737376928329,-0.197979792952538,-0.169696971774101,-0.15664479136467,-0.162708461284637,-0.206060603260994,-0.117171719670296,-0.0787878781557083,1,0.0800718069076538,0.0194618701934814,0.525893926620483,0.0311591625213623,0.080725908279419,0.0720144510269165,0.049561619758606,0.0984413623809814,0.075223445892334,0.16899037361145,0.0970196723937988,0.0165650844573975,0.43471097946167,0.0369274616241455,0.0603525638580322,0.0431052446365356,0.0556626319885254,0.0977606773376465,0.0365617275238037,0.152616858482361,0.323145598173141,0.244385078549385,0.11526720225811,0.524873673915863,0.0673556178808212,0.0590276010334492,0.106509476900101,0.0943712741136551,0.0564490966498852,0.102332904934883,0.131926208734512,0.117525234818459,0.0470543317496777,0.260603100061417,0.451306521892548,0,"REPUBLICAN R AT CONCORDIA, KS",39.58866944,-97.6582056
"19","06856600",0.178860679268837,0.142231807112694,0.11353825032711,0.120914079248905,0.163013577461243,0.137931257486343,0.147703945636749,0.0943762809038162,0.140456318855286,0.10475879907608,0.188739731907845,0.126141607761383,0.110339991748333,0.126103118062019,0.201127171516418,0.172058656811714,0.16688933968544,0.100096054375172,0.161128640174866,0.126943007111549,-0.103030301630497,-0.107070706784725,-0.133333340287209,-0.101010099053383,-0.151515156030655,-0.175757572054863,-0.105050504207611,-0.145454540848732,-0.171717166900635,-0.155555561184883,-0.106114208698273,-0.0969696938991547,-0.155555561184883,-0.117171719670296,-0.0545454546809196,1,0.121684432029724,0.189234256744385,0.344865322113037,0.250916481018066,0.165755152702332,0.223478198051453,0.178654313087463,0.425311088562012,0.181994795799255,0.359158277511597,0.0988055467605591,0.245000004768372,0.358824491500854,0.231209516525269,0.0849671363830566,0.128725409507751,0.128925085067749,0.397384285926819,0.125755548477173,0.265509366989136,0.323145598173141,0.304352819919586,0.200023755431175,0.332819789648056,0.144960284233093,0.090580902993679,0.313656628131866,0.161851465702057,0.0982877016067505,0.134472668170929,0.308958441019058,0.352723091840744,0.134472668170929,0.260603100061417,0.604135274887085,0,"REPUBLICAN R AT CLAY CENTER, KS",39.3555515,-97.1275203
"20","06857100",0.0533216968178749,0.325876384973526,-0.139645457267761,0.265790849924088,-0.0895343273878098,0.0900151059031487,0.18883490562439,-0.0810174867510796,0.178878247737885,0.0244471617043018,0.245679333806038,0.350677341222763,-0.0870251208543777,0.222447022795677,0.0228476691991091,0.186989396810532,0.248480752110481,-0.0579543821513653,0.229641139507294,0.068232461810112,-0.11919192224741,-0.0969696938991547,-0.135353535413742,-0.0525252521038055,0.030303031206131,-0.14949494600296,-0.131313130259514,-0.183838382363319,-0.115151517093182,0.0121212117373943,-0.120262771844864,0.00303183472715318,-0.262626260519028,-0.125252529978752,-0.0626262649893761,1,0.628808975219727,0.00177836418151855,0.228606045246124,0.0103745460510254,0.431622892618179,0.400812268257141,0.0701138973236084,0.490070790052414,0.0851110219955444,0.830567359924316,0.0221672058105469,0.000778317451477051,0.451151728630066,0.0321506261825562,0.844196557998657,0.0779874324798584,0.0173238515853882,0.62024062871933,0.0270273685455322,0.536726236343384,0.252403259277344,0.352723091840744,0.193241849541664,0.61785101890564,0.776650071144104,0.150433763861656,0.206977784633636,0.0766272619366646,0.268985390663147,0.914308547973633,0.248348876833916,0.984389901161194,0.0112890806049109,0.228889122605324,0.550693333148956,0,"REPUBLICAN R AT JUNCTION CITY, KS",39.0427758,-96.8294533
"21","06860000",1,1,1,1,1,1,0.25382873415947,1,0.249289065599442,1,0.138875678181648,0.138875678181648,0.138875678181648,0.138875678181648,0.138875678181648,0.138875678181648,0.138734608888626,0.138875678181648,0.173341169953346,0.138875678181648,0.0589306652545929,-0.145454540848732,-0.132390111684799,-0.157575756311417,-0.173694938421249,-0.137373730540276,0.0550874210894108,-0.243557378649712,-0.165656566619873,-0.0839657038450241,0.0214072857052088,0.0787266194820404,-0.180927485227585,-0.0201322380453348,0.125135496258736,1,1,1,1,1,1,1,0.0390715599060059,1,0.0204546451568604,1,0.183241248130798,0.183241248130798,0.183241248130798,0.183241248130798,0.183241248130798,0.183241248130798,0.18328320980072,0.183241248130798,0.09620201587677,0.183241248130798,0.581554174423218,0.161851465702057,0.20345750451088,0.129453733563423,0.0960321500897408,0.186630398035049,0.608129858970642,0.0188811495900154,0.110820047557354,0.42238461971283,0.859300851821899,0.507732152938843,0.0868237167596817,0.868019223213196,0.249068140983582,0,"SMOKY HILL R AT ELKADER, KS",38.7947354,-100.8584796
"22","06861000",1,1,1,1,1,-0.112135194242001,-0.104979112744331,1,-0.103981800377369,1,-0.189347743988037,-0.189347743988037,-0.189347743988037,-0.189347743988037,-0.189347743988037,-0.187255501747131,-0.182282760739326,-0.189347743988037,-0.167011648416519,-0.189347743988037,-0.0282828286290169,-0.111111111938953,-0.103030301630497,-0.121212124824524,0.0911858305335045,0.00404040422290564,0.0323232337832451,0.0202020201832056,-0.0707070678472519,0.156803414225578,0.18467253446579,0.247825875878334,0.147285178303719,0.224350079894066,0.234640538692474,1,1,1,1,1,1,0.368629664182663,0.347881644964218,1,0.325797379016876,1,0.0752234160900116,0.0752234160900116,0.0752234160900116,0.0752234160900116,0.0752234160900116,0.0785211399197578,0.0861517041921616,0.0752234160900116,0.110319048166275,0.0752234160900116,0.791685402393341,0.286300271749496,0.323145598173141,0.244385078549385,0.383760809898376,0.976587891578674,0.761697888374329,0.852551341056824,0.499688446521759,0.131876945495605,0.0802136659622192,0.0201437473297119,0.158585071563721,0.0335254669189453,0.0243325233459473,0,"SMOKY HILL R NR ARNOLD, KS",38.80778889,-100.0222667
"23","06862700",1,1,1,0.0621945671737194,1,0.180393666028976,-0.0269262883812189,0.105409257113934,0.016728863120079,0.125126197934151,0.0621945671737194,0.0621945671737194,0.0621945671737194,0.056623749434948,0.0621945671737194,0.0429374650120735,0.00206229416653514,0.0621945671737194,0.00615457445383072,0.0600862763822079,-0.0254460331052542,-0.0181818176060915,-0.0646464675664902,-0.0323232337832451,-0.159757405519485,-0.0383838377892971,-0.0478385426104069,-0.0949494913220406,-0.0404040403664112,-0.0646464675664902,-0.0148481465876102,-0.0244471617043018,-0.111336261034012,0.0348019376397133,-0.0631385520100594,1,1,1,1,0.565361261367798,1,0.126931309700012,0.816778600215912,0.418808579444885,0.882144689559937,0.310340166091919,0.565361261367798,0.565361261367798,0.565361261367798,0.595687866210938,0.565361261367798,0.692552089691162,0.992158651351929,0.565361261367798,0.960863590240479,0.578845024108887,0.814135313034058,0.86792129278183,0.537705659866333,0.761697888374329,0.124545447528362,0.71739250421524,0.652279257774353,0.362951338291168,0.702824473381042,0.537705659866333,0.89715451002121,0.830567300319672,0.286192655563354,0.754901885986328,0.550133049488068,0,"SMOKY HILL R NR SCHOENCHEN, KS",38.71167927,-99.3470492
"24","06862850",1,1,1,1,1,1,-0.0790087878704071,1,-0.162552148103714,1,-0.1064637824893,-0.1064637824893,-0.1064637824893,-0.1064637824893,-0.1064637824893,-0.1064637824893,-0.1064637824893,-0.1064637824893,-0.0756165310740471,-0.1064637824893,0.0809822231531143,-0.00580720044672489,0.010514197871089,0.0267131216824055,0.0205477271229029,0.0476190447807312,0.0688953250646591,0.00817770976573229,0.0325392261147499,0.0791135206818581,0.0573451817035675,0.113030269742012,0.0974956080317497,0.0446044988930225,0.114071913063526,0.999999940395355,1,1,1,1,1,1,0.529196977615356,1,0.16045717895031,1,0.332814753055573,0.332814753055573,0.332814753055573,0.332814753055573,0.332814753055573,0.332814753055573,0.332814753055573,0.332814753055573,0.493072122335434,0.332814753055573,0.468837738037109,0.965422868728638,0.930843114852905,0.811553359031677,0.860604047775269,0.664654731750488,0.538806915283203,0.948103904724121,0.769807457923889,0.472740173339844,0.638786554336548,0.360488057136536,0.384277105331421,0.713597297668457,0.319560170173645,0,"SMOKY HILL R BL SCHOENCHEN, KS",38.71223475,-99.292325
"25","06863500",0.28094094991684,0.0168385617434978,1,0.0209110770374537,0.274667203426361,0.0604961663484573,0.00862010940909386,0.293172985315323,0.011372584849596,0.263197302818298,0.251670092344284,0.00841928087174892,0.274667203426361,-0.0188403706997633,0.270379155874252,0.0520644448697567,-0.0107875429093838,0.274667203426361,-0.022757213562727,0.256081402301788,0.0404040403664112,-0.0484848469495773,-0.0808080807328224,0,-0.0798383131623268,-0.0101010100916028,0.036363635212183,-0.0121212117373943,0.0202020201832056,0.0343434326350689,-0.0297316294163465,0.0155080696567893,0.0131379496306181,0.00918888952583075,0.0983280315995216,1,0.0171219110488892,0.881823301315308,1,0.851045370101929,0.0204803943634033,0.59758996963501,0.944072484970093,0.0157687664031982,0.921603918075562,0.0255681276321411,0.0318396091461182,0.944692134857178,0.0204803943634033,0.866556286811829,0.0226930379867554,0.650919198989868,0.9281245470047,0.0204803943634033,0.836260974407196,0.0300211906433105,0.702824473381042,0.645682036876678,0.439638823270798,1,0.445429146289825,0.929844200611115,0.732064008712769,0.914308607578278,0.852551341056824,0.7468341588974,0.783486425876617,0.890415072441101,0.906548261642456,0.937489986419678,0.347454905509949,0,"BIG C NR HAYS, KS",38.852234,-99.3181589
"26","06865500",0.138819500803947,0.118895202875137,0.247630998492241,0.0806580260396004,0.160683542490005,0.131456658244133,0.123686850070953,0.0679462999105453,0.0806580260396004,0.132924512028694,0.120912708342075,0.0880656391382217,0.179476380348206,-0.0409452840685844,0.107778295874596,0.13160802423954,0.102570571005344,0.0996374562382698,0.0419037640094757,0.109017215669155,0.0828282833099365,0.0282828286290169,-0.015159172937274,0.0646464675664902,0.0919656530022621,-0.0101010100916028,0.0707070678472519,-0.101010099053383,0.00202020211145282,0.135353535413742,0.075795866549015,-0.181818187236786,-0.222222223877907,0.0525783896446228,0.0141414143145084,1,0.206445455551147,0.261898636817932,0.0348771810531616,0.444483160972595,0.153716087341309,0.225271224975586,0.244611978530884,0.557101726531982,0.444483160972595,0.224327802658081,0.269691705703735,0.408331036567688,0.121570110321045,0.702154159545898,0.337857007980347,0.225224614143372,0.334709644317627,0.387439966201782,0.694937705993652,0.320919871330261,0.428146243095398,0.791685342788696,0.891063153743744,0.537705659866333,0.378615140914917,0.929844200611115,0.499688386917114,0.332819789648056,0.992194890975952,0.193241834640503,0.46911096572876,0.0799398496747017,0.0321670919656754,0.617817401885986,0.898805737495422,0,"SMOKY HILL R NR LANGLEY, KS",38.61146944,-97.9525639
"27","06867000",-0.0428189300000668,-0.0655228048563004,-0.113682143390179,-0.05602603033185,-0.0543378591537476,-0.0992137119174004,-0.0933144614100456,-0.00887181982398033,-0.0889825224876404,-0.0499157533049583,-0.0595542006194592,-0.0355595089495182,-0.0459445863962173,-0.108886584639549,-0.0679671168327332,-0.108312614262104,-0.0677439123392105,-0.0271964687854052,-0.0891799703240395,-0.0565274469554424,0.0464646480977535,0.0101010100916028,0.00808080844581127,0.0252652894705534,-0.0141557194292545,0.060606062412262,0.0707070678472519,0.0262626260519028,0.0444444455206394,0.155555561184883,0.104092985391617,0.131445974111557,0.059626080095768,0.0838807597756386,0.177777782082558,1,0.709461450576782,0.554557144641876,0.34186515212059,0.612651824951172,0.649962663650513,0.382880926132202,0.402293115854263,0.949710071086884,0.417901694774628,0.673676311969757,0.601899862289429,0.752103924751282,0.70368105173111,0.32098600268364,0.565840303897858,0.338004410266876,0.540986001491547,0.825255155563354,0.414670199155807,0.628275394439697,0.659789085388184,0.92984414100647,0.945406556129456,0.814374208450317,0.898796081542969,0.563833475112915,0.499688386917114,0.806798696517944,0.674018144607544,0.134472608566284,0.318354845046997,0.206934452056885,0.570441246032715,0.422443866729736,0.0869140625,0,"SALINE R NR RUSSELL, KS",38.9658611,-98.8540917
"28","06868200",0.382821559906006,0.233967140316963,0.41594722867012,0.180712983012199,0.486606270074844,0.131406202912331,0.191858544945717,0.128637075424194,0.193448811769485,0.153888911008835,0.236016422510147,0.190085202455521,0.443325012922287,0.0142133804038167,0.468965381383896,0.190704569220543,0.22213876247406,0.156341895461082,0.17848265171051,0.199794575572014,-0.141700699925423,-0.00808080844581127,-0.059626080095768,-0.0576048567891121,-0.0303336847573519,-0.0464646480977535,-0.0989898964762688,-0.0767676755785942,-0.0787878781557083,0.0323232337832451,-0.188984364271164,-0.236363634467125,-0.0464646480977535,-0.199292093515396,-0.0101010100916028,1,0.000596404075622559,0.0295947790145874,0.0004119873046875,0.0831217765808105,2.33650207519531e-05,0.223426818847656,0.0735149383544922,0.254637360572815,0.0661509037017822,0.159260392189026,0.0331416130065918,0.0741569995880127,0.000142097473144531,0.898741483688354,3.77893447875977e-05,0.0772579908370972,0.0369962453842163,0.164329886436462,0.0895416736602783,0.0682336091995239,0.173815324902534,0.945406556129456,0.57044130563736,0.583804428577423,0.776629269123077,0.659789085388184,0.342679083347321,0.463147431612015,0.451306521892548,0.761697888374329,0.0688201561570168,0.0226504001766443,0.659789085388184,0.0551604777574539,0.929844200611115,0,"SALINE R AT WILSON DAM, KS",38.9747332,-98.4903429
"29","06869500",0.122013188898563,0.024720661342144,0.24146868288517,0.00747840199619532,0.218315243721008,0.118572488427162,0.0855128094553947,0.213289052248001,0.0460043698549271,0.0968105494976044,0.118404880166054,0.0281444806605577,0.251944214105606,-0.0128273665904999,0.184437394142151,0.118572488427162,0.077786423265934,0.218146815896034,0.0115198083221912,0.113243833184242,-0.0626262649893761,-0.0394138507544994,-0.047498743981123,0.0181818176060915,-0.0949494913220406,-0.036363635212183,-0.0505050495266914,-0.0666666701436043,0.00808080844581127,0.0202020201832056,-0.0353714041411877,-0.0333839543163776,-0.0585858598351479,0.00404040422290564,0.090909093618393,1,0.284710049629211,0.829412221908569,0.0429563522338867,0.952254891395569,0.0585330724716187,0.296038746833801,0.43872857093811,0.0723899602890015,0.670846581459045,0.399842977523804,0.299684047698975,0.805463671684265,0.0338109731674194,0.912586212158203,0.110978484153748,0.296038746833801,0.482019901275635,0.0663766860961914,0.921258449554443,0.32414698600769,0.550693333148956,0.710081994533539,0.652704477310181,0.867921352386475,0.362951338291168,0.732064068317413,0.631701231002808,0.524873673915863,0.945406556129456,0.852551341056824,0.73942506313324,0.754220485687256,0.577122867107391,0.976587891578674,0.383958101272583,0,"SALINE R AT TESCOTT, KS",39.0037861,-97.8733944
"30","06871000",1,1,1,-0.274537920951843,1,-0.186308205127716,-0.2774578332901,0.0287479776889086,-0.202286273241043,-0.207707822322845,-0.312174648046494,-0.312174648046494,-0.312174648046494,-0.287577867507935,-0.312174648046494,-0.316571474075317,-0.293641358613968,-0.312174648046494,-0.26321604847908,-0.316571474075317,0.204939112067223,-0.0282828286290169,0.00202020211145282,-0.0767676755785942,0.147923678159714,0.131313130259514,0.218146845698357,0.0848484858870506,-0.00404040422290564,0.257346659898758,0.264011651277542,0.2782823741436,0.196556121110916,0.22264800965786,0.280590623617172,1,1,1,1,0.0103139346465468,1,0.114848010241985,0.0129404412582517,0.847352504730225,0.0624588131904602,0.083784244954586,0.00416011223569512,0.00416011223569512,0.00416011223569512,0.00725957658141851,0.00416011223569512,0.00365772563964128,0.00674988236278296,0.00416011223569512,0.0148701313883066,0.00365772563964128,0.0508438348770142,0.791685402393341,0.992194890975952,0.463147431612015,0.1558917760849,0.206977844238281,0.0387638807296753,0.41683030128479,0.976587891578674,0.0132880210876465,0.0169163942337036,0.0136257410049438,0.058922529220581,0.0452231168746948,0.0096508264541626,0,"NF SOLOMON R AT GLADE, KS",39.67284444,-99.3092389
"31","06871500",-0.182305574417114,-0.249370768666267,1,-0.238019227981567,1,-0.39561852812767,-0.352634429931641,-0.241248950362206,-0.314817607402802,-0.362981975078583,-0.162806704640388,-0.246222242712975,-0.182069420814514,-0.266225069761276,-0.182069420814514,-0.328127086162567,-0.299904048442841,-0.201826423406601,-0.276034265756607,-0.281851321458817,0.206060603260994,0.0343434326350689,-0.0161616168916225,0.0686868652701378,0.154623568058014,0.133333340287209,0.22424241900444,0.090909093618393,0.0585858598351479,0.309090912342072,0.216323241591454,0.227008074522018,0.264646470546722,0.166453287005424,0.346154540777206,1,0.110671475529671,0.0221119672060013,1,0.0245641749352217,1,0.000477234338177368,0.00119417626410723,0.0496482960879803,0.00325120356865227,0.00161708425730467,0.152682021260262,0.0239346083253622,0.123791627585888,0.0119186583906412,0.123791627585888,0.00362776429392397,0.00588308740407228,0.0859310105443001,0.00968416780233383,0.013493612408638,0.0470542907714844,0.7468341588974,0.883341372013092,0.512200355529785,0.137019038200378,0.200023770332336,0.0306264162063599,0.383958101272583,0.577122926712036,0.00284874439239502,0.0393184423446655,0.0327675342559814,0.0106742382049561,0.115344882011414,0.00084841251373291,0,"BOW C NR STOCKTON, KS",39.56028889,-99.2855722
"32","06872500",-0.347885608673096,-0.356932133436203,-0.235683813691139,-0.282816290855408,-0.366166710853577,-0.36121454834938,-0.281462550163269,-0.279884576797485,-0.242090746760368,-0.366761863231659,-0.371837764978409,-0.343594491481781,-0.209845274686813,-0.248878329992294,-0.359127908945084,-0.349512338638306,-0.291181683540344,-0.284996449947357,-0.244353264570236,-0.346983820199966,0.179704010486603,-0.0253699794411659,-0.0591966174542904,0.0739957690238953,0.0317124724388123,0.065539114177227,0.175475686788559,-0.00634249486029148,0.120507396757603,0.122621566057205,0.202959835529327,0.276955604553223,0.132205203175545,0.232558146119118,0.251852005720139,1,0.00263517419807613,0.0016143259126693,0.0564849302172661,0.0097516905516386,0.00196181586943567,0.0017899360973388,0.0112223252654076,0.0194677729159594,0.0270463954657316,0.00181724911089987,0.00122534658294171,0.00242096628062427,0.0878287553787231,0.0230186488479376,0.00241921609267592,0.00253492780029774,0.00877971667796373,0.0174675360321999,0.0256409626454115,0.00301333656534553,0.0873935222625732,0.816050231456757,0.578016400337219,0.485249638557434,0.769282460212708,0.537254452705383,0.0951464176177979,0.959667146205902,0.253075242042542,0.244772672653198,0.0533812046051025,0.00829493999481201,0.209757447242737,0.0267584323883057,0.0165152549743652,0,"NF SOLOMON R AT PORTIS, KS",39.55300278,-98.6923222
"33","06873000",1,-0.221967816352844,1,-0.260997712612152,1,-0.2269426882267,-0.167274415493011,-0.146254479885101,-0.150636374950409,-0.182069420814514,-0.129627361893654,-0.245955973863602,-0.129627361893654,-0.276034265756607,-0.129627361893654,-0.170122906565666,-0.165503114461899,-0.135178342461586,-0.14945887029171,-0.145043641328812,0.209408447146416,0.0484848469495773,0.0464646480977535,0.0666666701436043,0.162708461284637,0.135353535413742,0.205361902713776,0.109090909361839,0.0828282833099365,0.262626260519028,0.150501295924187,0.169779777526855,0.14949494600296,0.139207750558853,0.276145666837692,1,1,0.039931558072567,1,0.0143689326941967,1,0.0457379333674908,0.133115231990814,0.240182146430016,0.162385761737823,0.123791627585888,0.242015287280083,0.0228961575776339,0.242015287280083,0.00968416780233383,0.242015287280083,0.1214190274477,0.128313779830933,0.222021147608757,0.163944512605667,0.18907468020916,0.0438511371612549,0.645682096481323,0.659789085388184,0.524873733520508,0.117525219917297,0.193241834640503,0.0481122732162476,0.295234203338623,0.428146243095398,0.011289119720459,0.168477058410645,0.123792409896851,0.150433778762817,0.200917720794678,0.00797498226165771,0,"SF SOLOMON R AB WEBSTER RE, KS",39.37667456,-99.5801096
"34","06873460",-0.141617491841316,-0.174761906266212,1,-0.153435900807381,0.0131322611123323,-0.145643815398216,-0.174435511231422,0.141379326581955,-0.183457791805267,0.00799565203487873,-0.179860055446625,-0.164549574255943,0.0131322611123323,-0.128482684493065,-0.144394308328629,-0.147049114108086,-0.167495235800743,0.0670025274157524,-0.177717834711075,-0.0518083721399307,0.12929293513298,0.105050504207611,0.0242424234747887,0.197979792952538,0.030303031206131,0.0686868652701378,0.121212124824524,0.0202020201832056,0.173737376928329,0.121212124824524,0.14264053106308,0.179059386253357,0.0576048567891121,0.13859398663044,0.168772131204605,1,0.226941645145416,0.126334756612778,1,0.158560931682587,0.925552010536194,0.213471949100494,0.11908084154129,0.256493926048279,0.0927845165133476,0.956953525543213,0.11756855994463,0.145853772759438,0.925552010536194,0.2386544495821,0.217874005436897,0.206472918391228,0.133073076605797,0.583510875701904,0.105013228952885,0.667984306812286,0.214105725288391,0.313656568527222,0.821984529495239,0.0564490556716919,0.776650071144104,0.512200355529785,0.244385123252869,0.852551341056824,0.0943713188171387,0.244385123252869,0.170760273933411,0.085071325302124,0.583804368972778,0.183311104774475,0.104387998580933,0,"SF SOLOMON R AT WOODSTON, KS",39.4397325,-99.1017567
"35","06874000",-0.249143600463867,-0.241105869412422,-0.0703526511788368,-0.193585783243179,-0.148417979478836,-0.202422052621841,-0.204836621880531,-0.110868997871876,-0.203231677412987,-0.149927332997322,-0.240691214799881,-0.213419079780579,-0.0737027749419212,-0.169659450650215,-0.151480957865715,-0.228004440665245,-0.213940471410751,-0.157075822353363,-0.197195127606392,-0.155187949538231,0.0787878781557083,0.0444444455206394,-0.0101010100916028,0.208080813288689,-0.0505050495266914,0.060606062412262,0.103030301630497,-0.0141414143145084,0.197979792952538,0.090909093618393,0.182920694351196,0.217281475663185,0.0454775206744671,0.177777782082558,0.174835801124573,1,0.0282132048159838,0.0300482250750065,0.564358651638031,0.074674017727375,0.204798132181168,0.0763240680098534,0.064191997051239,0.355145514011383,0.0624406300485134,0.195141837000847,0.0341736525297165,0.0549675673246384,0.545514106750488,0.118544399738312,0.196319431066513,0.0445794463157654,0.0531668402254581,0.18527090549469,0.069839783012867,0.179798305034637,0.451306581497192,0.674018144607544,0.929844200611115,0.044922947883606,0.631701231002808,0.563833475112915,0.323145627975464,0.898805737495422,0.0564490556716919,0.383958101272583,0.0782550573348999,0.0363030433654785,0.666873693466187,0.0869140625,0.092444896697998,0,"SF SOLOMON R AT OSBORNE, KS",39.42778826,-98.6942395
"36","06875900",0.108537808060646,0.118586085736752,-0.176126390695572,0.137833341956139,-0.0443590953946114,-0.031366616487503,0.013440327718854,-0.0205554347485304,0.0409878231585026,-0.0384492389857769,0.127134099602699,0.123997882008553,-0.129159361124039,0.0777154639363289,-0.0237095579504967,0.0598236061632633,0.0732500031590462,0.0116291297599673,0.105708599090576,-0.00218796893022954,0.030303031206131,0.0262626260519028,-0.0747474730014801,0.116220325231552,0.0161616168916225,-0.0141414143145084,-0.030303031206131,-0.161616161465645,0.0444444455206394,0.11919192224741,-0.126454368233681,0.015159172937274,-0.187878787517548,-0.00101061153691262,0.0343434326350689,1,0.342226266860962,0.272328734397888,0.143691748380661,0.188974022865295,0.714506030082703,0.774404287338257,0.905991315841675,0.865881979465485,0.701935768127441,0.730636894702911,0.262526035308838,0.251105308532715,0.285287588834763,0.46213173866272,0.84990257024765,0.579799175262451,0.49147617816925,0.928183317184448,0.316790580749512,0.99196046590805,0.776650071144104,0.806798696517944,0.475159525871277,0.264748573303223,0.883341312408447,0.898805737495422,0.776650071144104,0.119853504002094,0.674018144607544,0.252403259277344,0.22504548728466,0.891063213348389,0.0703378096222878,1,0.7468341588974,0,"SOLOMON R NR GLEN ELDER, KS",39.4738987,-98.2836658
"37","06876700",0.064228393137455,0.0384492389857769,0.0512370653450489,0.0623965002596378,0.144350960850716,0.104053407907486,0.0677439123392105,0.177716076374054,0.11113017052412,0.152130857110023,0.0476433597505093,0.0517556481063366,0.0623660832643509,0.0894349813461304,0.12839363515377,0.055941678583622,0.087936520576477,0.186402603983879,0.123607590794563,0.129499822854996,-0.0707070678472519,-0.090909093618393,-0.145454540848732,-0.0404040403664112,-0.145454540848732,-0.121212124824524,-0.0767676755785942,-0.151515156030655,-0.0525252521038055,-0.141414135694504,-0.036363635212183,-0.0464646480977535,-0.199090480804443,-0.0444444455206394,-0.072727270424366,1,0.57262372970581,0.730636835098267,0.675684690475464,0.560703873634338,0.215001702308655,0.35982871055603,0.540986061096191,0.128683090209961,0.293099522590637,0.183742880821228,0.677990436553955,0.641287088394165,0.608104944229126,0.401928901672363,0.271458625793457,0.624343633651733,0.423721194267273,0.111520051956177,0.242255687713623,0.258509516716003,0.499688446521759,0.383958101272583,0.161851465702057,0.702824473381042,0.161851465702057,0.244385078549385,0.463147431612015,0.144960284233093,0.61785101890564,0.173911467194557,0.732064068317413,0.659789085388184,0.0551837980747223,0.674018144607544,0.487340688705444,0,"SALT C NR ADA, KS",39.13912778,-97.83655
"38","06877600",0.00121080107055604,-0.0477539077401161,0.0591678209602833,0.00210482021793723,0.045773770660162,0.0245848707854748,0.0280153546482325,0.0114395497366786,0.0093048419803381,0.0420848652720451,0.00847560726106167,-0.038869459182024,0.0544393844902515,0.00210713176056743,0.0569790750741959,0.0550232827663422,0.0334606617689133,-0.0375947579741478,0.0227813590317965,0.0630025118589401,-0.0272865109145641,-0.0141414143145084,-0.00606060586869717,0.0747474730014801,-0.0585858598351479,-0.0343434326350689,-0.0383838377892971,-0.115151517093182,0.00808080844581127,0.0181818176060915,-0.0121212117373943,0.0212228428572416,-0.12929293513298,0.0141414143145084,0.0525252521038055,1,1,0.668705105781555,0.627114534378052,0.992092609405518,0.701873779296875,0.833178043365479,0.802167177200317,0.931580305099487,0.937246680259705,0.722284317016602,0.948459982872009,0.729030013084412,0.65606689453125,0.99209189414978,0.63225245475769,0.628071308135986,0.763645172119141,0.755707383155823,0.83624529838562,0.588861227035522,0.799223244190216,0.898805737495422,0.960989773273468,0.475159525871277,0.577122867107391,0.7468341588974,0.71739250421524,0.268985390663147,0.945406556129456,0.867921352386475,0.914308607578278,0.844879627227783,0.214105769991875,0.898805737495422,0.61785101890564,0,"SMOKY HILL R AT ENTERPRISE, KS",38.90638906,-97.1177952
"39","06878000",0.0118941469117999,-0.0243798159062862,0.0234508831053972,-0.0185216944664717,0.0666358321905136,-0.0166518054902554,0.00217512110248208,-0.115333653986454,-0.016395129263401,0.0357412360608578,0.0166518054902554,-0.0297294184565544,0.0335012637078762,-0.00514761358499527,0.0567555129528046,0.00237882952205837,0.00326459365896881,-0.0730010494589806,-0.0061609954573214,0.0357951037585735,-0.117171719670296,0.0101010100916028,-0.0161616168916225,0.00404040422290564,-0.0758726224303246,-0.0464646480977535,-0.0767676755785942,-0.036363635212183,-0.0181818176060915,-0.0484848469495773,0.0404449142515659,0.0535624101758003,-0.0505561418831348,0.0222222227603197,0.0454775206744671,1,0.923674583435059,0.826859295368195,0.854990601539612,0.867341458797455,0.564589500427246,0.889934837818146,0.991965055465698,0.331403106451035,0.882977604866028,0.759865999221802,0.889934778213501,0.788327634334564,0.789390087127686,0.968647539615631,0.625878095626831,0.991506576538086,0.983930230140686,0.539672434329987,0.960858523845673,0.759838342666626,0.260603100061417,0.92984414100647,0.883341372013092,0.976587891578674,0.46906840801239,0.659789085388184,0.463147431612015,0.732064068317413,0.86792129278183,0.645682036876678,0.702797412872314,0.610959053039551,0.631668627262115,0.837237119674683,0.666873693466187,0,"CHAPMAN C NR CHAPMAN, KS",39.031109,-97.0402922
"40","06879100",0.0822217389941216,0.0840460658073425,0.161512166261673,0.050929881632328,0.0973212495446205,0.109426155686378,0.0413273014128208,0.0936016738414764,0.0411593206226826,0.0917814299464226,0.083045482635498,0.0851725414395332,0.150508880615234,0.045514427125454,0.094853512942791,0.138425588607788,0.0577422194182873,0.0952472016215324,0.061738982796669,0.11189790815115,-0.0828282833099365,-0.0798383131623268,-0.0686868652701378,0.0434562973678112,-0.101010099053383,-0.115151517093182,-0.0868686884641647,-0.131313130259514,-0.0626262649893761,-0.0161616168916225,-0.0787878781557083,-0.0646464675664902,-0.181818187236786,-0.0383838377892971,0.00202020211145282,1,0.478110790252686,0.4403076171875,0.177201390266418,0.63599705696106,0.402633547782898,0.332691669464111,0.709442496299744,0.43471097946167,0.701570749282837,0.425107717514038,0.471468448638916,0.434370398521423,0.209450721740723,0.672150135040283,0.415585041046143,0.217791795730591,0.600458860397339,0.427054405212402,0.56210720539093,0.329642772674561,0.428146213293076,0.445429146289825,0.51220029592514,0.681162595748901,0.332819789648056,0.268985390663147,0.405692785978317,0.206977784633636,0.550693333148956,0.883341372013092,0.451306521892548,0.537705659866333,0.0799398496747017,0.71739250421524,0.992194890975952,0,"KANSAS R AT FORT RILEY, KS",39.06166457,-96.7663963
"41","06879650",1,1,1,1,1,0.0371165983378887,0.135700330138206,1,0.202300742268562,0.0908790156245232,0.258201211690903,0.258201211690903,0.258201211690903,0.258201211690903,0.258201211690903,0.256084799766541,0.256084799766541,0.258201211690903,0.261237472295761,0.258201211690903,-0.143270313739777,-0.0401691347360611,0,-0.00105876266025007,-0.212784245610237,-0.160676538944244,-0.129164695739746,-0.0984649211168289,-0.0709370970726013,-0.196840137243271,-0.136268079280853,-0.222170054912567,-0.258752316236496,-0.208504661917686,-0.17180509865284,1,1,1,1,1,1,0.773892641067505,0.229171752929688,1,0.0619035959243774,0.484908103942871,0.0139706134796143,0.0139706134796143,0.0139706134796143,0.0139706134796143,0.0139706134796143,0.0147775411605835,0.0147775411605835,0.0139706134796143,0.0128378868103027,0.0139706134796143,0.212932914495468,0.708234906196594,1,1,0.0593843907117844,0.126697957515717,0.26460075378418,0.352015674114227,0.504346489906311,0.0725478306412697,0.280182331800461,0.0808180123567581,0.023160308599472,0.0879363268613815,0.157947018742561,0,"KINGS C NR MANHATTAN, KS",39.102075,-96.5946889
"42","06880800",0.0510969758033752,0.0639950260519981,-0.0532723926007748,0.1116733700037,-0.0276835765689611,0.0630626007914543,0.114147901535034,0.117665946483612,0.144204303622246,0.0372557081282139,0.06623824685812,0.0983941778540611,-0.041409108787775,0.141026437282562,-0.0166101455688477,0.0900891721248627,0.125594615936279,0.119392395019531,0.14539435505867,0.0228036344051361,-0.180509403347969,-0.289036512374878,-0.140642300248146,-0.224806189537048,-0.145071968436241,-0.306755244731903,-0.173864886164665,-0.191583603620529,-0.229235857725143,-0.122923582792282,-0.0609080791473389,-0.0343300104141235,-0.129568099975586,-0.250415533781052,0.0909596383571625,0.999999940395355,0.658303499221802,0.561327576637268,0.670285046100616,0.299415349960327,0.821252405643463,0.572013258934021,0.292866110801697,0.332257270812988,0.176916480064392,0.752312898635864,0.565225124359131,0.369287133216858,0.744036853313446,0.190026760101318,0.895930230617523,0.417679071426392,0.247203588485718,0.325634121894836,0.173560261726379,0.849542140960693,0.0899999067187309,0.0065082898363471,0.187288463115692,0.0345139764249325,0.173670247197151,0.00387138035148382,0.102551959455013,0.0718523636460304,0.0310932956635952,0.249651402235031,0.571983456611633,0.75354939699173,0.224751904606819,0.0185302551835775,0.39651083946228,0,"West Fork Big Blue River near Dorchester, Nebr.",40.7311177,-97.1775413
"43","06881000",0.03340258076787,0.0561795756220818,0.0569521449506283,0.0467011071741581,0.0634064972400665,0.0219187159091234,0.0143457381054759,0.0138100832700729,0.0131512545049191,-0.00770828826352954,-0.0150991780683398,0.0488411858677864,0.0620635859668255,0.0173033028841019,0.0702151507139206,0.0347230583429337,0.00205366523005068,0.0061449808999896,0.0526316873729229,-0.0192864835262299,-0.0434562973678112,-0.189898982644081,-0.0323232337832451,-0.117171719670296,-0.121212124824524,-0.171717166900635,-0.0646464675664902,-0.072727270424366,-0.157575756311417,-0.0202020201832056,-0.0505561418831348,-0.0394537635147572,-0.0484848469495773,-0.174835801124573,0.101010099053383,1,0.778337717056274,0.605155229568481,0.642708420753479,0.659534573554993,0.590520262718201,0.85107946395874,0.898489713668823,0.917047023773193,0.906536340713501,0.955105066299438,0.903008580207825,0.654534697532654,0.612758755683899,0.875497341156006,0.550767660140991,0.762221097946167,0.99216890335083,0.968841671943665,0.617772579193115,0.874738872051239,0.681162655353546,0.0673556178808212,0.761697888374329,0.260603100061417,0.244385078549385,0.0982877016067505,0.537705659866333,0.487340688705444,0.129453733563423,0.852551341056824,0.631668627262115,0.710046708583832,0.645682036876678,0.092444896697998,0.332819819450378,0,"Big Blue River near Crete, Nebr.",40.59666667,-96.9605556
"44","06882000",-0.00461750943213701,0.0329274572432041,0.120115265250206,0.0526851452887058,0.078909121453762,0.0250355862081051,0.0405360274016857,0.165607303380966,0.0304572433233261,0.0505307130515575,-0.0205363873392344,0.0629331022500992,0.111535608768463,0.0568535216152668,0.0686233192682266,0.033065102994442,0.035358015447855,0.108896382153034,0.0549352690577507,0.0468685962259769,-0.030303031206131,-0.111111111938953,0.0222222227603197,-0.1476239413023,-0.153535351157188,-0.12929293513298,-0.0262626260519028,-0.0949494913220406,-0.159595966339111,-0.0828282833099365,-0.0262626260519028,-0.0383838377892971,-0.0383838377892971,-0.169696971774101,0.0434562973678112,1,0.97503674030304,0.760674118995667,0.30867063999176,0.61770510673523,0.498773694038391,0.828100681304932,0.707885026931763,0.161461353302002,0.776476383209229,0.662363529205322,0.860433518886566,0.55539083480835,0.344953060150146,0.590332746505737,0.558627128601074,0.772149801254272,0.744869709014893,0.357556104660034,0.603777170181274,0.68626594543457,0.776650071144104,0.286300271749496,0.837237119674683,0.156023800373077,0.139640718698502,0.214105769991875,0.806798696517944,0.362951338291168,0.124581515789032,0.428146213293076,0.806798696517944,0.71739250421524,0.71739250421524,0.102332904934883,0.681162595748901,0,"Big Blue River at Barneston, Nebr.",40.0447222,-96.5872222
"45","06883000",0.306337684392929,0.269727945327759,0.196871817111969,0.249873831868172,0.28545954823494,0.200746342539787,0.243657946586609,0.197846069931984,0.24848484992981,0.20881162583828,0.313395619392395,0.254852712154388,0.207009121775627,0.230107873678207,0.305893868207932,0.221694186329842,0.248480752110481,0.174739554524422,0.248102053999901,0.218023300170898,-0.030303031206131,-0.13939394056797,-0.131313130259514,-0.092929296195507,-0.236363634467125,-0.24848484992981,-0.167676761746407,-0.208080813288689,-0.183838382363319,-0.222222223877907,-0.168943047523499,-0.251642286777496,-0.265790849924088,-0.257705956697464,0.0222447030246258,1,0.00419127941131592,0.00970852375030518,0.095872163772583,0.0160897970199585,0.0109533071517944,0.059062123298645,0.0192919969558716,0.0849440097808838,0.0165449380874634,0.0544239282608032,0.00345981121063232,0.0147093534469604,0.0795384645462036,0.0269932746887207,0.0064241886138916,0.0378481149673462,0.0173238515853882,0.128831386566162,0.0169618129730225,0.0450254678726196,0.776650071144104,0.180187553167343,0.206977784633636,0.373363256454468,0.0226504001766443,0.0165448877960443,0.106509476900101,0.0449229031801224,0.0766272619366646,0.0321670919656754,0.104354828596115,0.0152607522904873,0.0103745060041547,0.0129614034667611,0.83722186088562,0,"Little Blue River near Deweese, Nebr.",40.3325,-98.0669444
"46","06884025",0.262553364038467,0.261361688375473,0.269111841917038,0.275834977626801,0.318091809749603,0.240491732954979,0.254293233156204,0.25738987326622,0.253810375928879,0.245720341801643,0.266007959842682,0.279293894767761,0.262572556734085,0.256891548633575,0.34288078546524,0.268784880638123,0.294330418109894,0.262477904558182,0.273202121257782,0.271199762821198,-0.0444444455206394,-0.151515156030655,-0.0888888910412788,-0.121212124824524,-0.230303034186363,-0.222222223877907,-0.141414135694504,-0.115151517093182,-0.178878247737885,-0.240404039621353,-0.179797977209091,-0.258585870265961,-0.254545450210571,-0.315151512622833,-0.142496228218079,1,0.0159547328948975,0.0129226446151733,0.0224206447601318,0.00817358493804932,0.00524532794952393,0.0267188549041748,0.0185172557830811,0.0281292200088501,0.0147793292999268,0.0270237922668457,0.0146689414978027,0.00797057151794434,0.0263683795928955,0.0139304399490356,0.00249457359313965,0.0132327079772949,0.00640976428985596,0.0255634784698486,0.00892138481140137,0.0150370597839355,0.674018144607544,0.144960284233093,0.394734978675842,0.244385078549385,0.0263789761811495,0.0321670919656754,0.173911467194557,0.268985390663147,0.085111066699028,0.0204270668327808,0.0833678692579269,0.0126137724146247,0.0140742650255561,0.00234776665456593,0.170814841985703,0,"Little Blue River at Hollenberg, KS",39.98027778,-97.0047222
"47","06884200",-0.0382046587765217,0.0397310480475426,-0.0651929453015327,0.0512347780168056,-0.0822747871279716,-0.0357621163129807,-0.0174009688198566,0.0102777173742652,0.0234103500843048,-0.00237882952205837,-0.0067504420876503,0.0624634064733982,-0.070741280913353,0.0532841682434082,-0.100496485829353,-0.0126897823065519,0.0141465729102492,0,0.0662276521325111,-0.00119024852756411,0.00404040422290564,-0.109090909361839,-0.0646464675664902,-0.117171719670296,-0.106114208698273,-0.121212124824524,-0.0242424234747887,-0.0949494913220406,-0.123232319951057,-0.109090909361839,0.00404040422290564,0.0252652894705534,-0.131313130259514,-0.00808080844581127,-0.0141414143145084,1,0.734931528568268,0.714599370956421,0.582138419151306,0.630630850791931,0.470429420471191,0.754355072975159,0.879931509494781,0.93717896938324,0.82937479019165,0.991506576538086,0.959083020687103,0.560665726661682,0.549764573574066,0.616747498512268,0.377006977796555,0.916930735111237,0.903809070587158,1,0.530672907829285,1,0.976587891578674,0.295234173536301,0.537705659866333,0.260603100061417,0.308958441019058,0.244385078549385,0.821984469890594,0.362951338291168,0.236547380685806,0.295234173536301,0.976587891578674,0.814374208450317,0.206977784633636,0.945406556129456,0.898805737495422,0,"MILL C AT WASHINGTON, KS",39.81361476,-97.0375267
"48","06884400",0.212116196751595,0.165262266993523,0.233317077159882,0.1557537317276,0.280373424291611,0.152489483356476,0.132498994469643,0.22610978782177,0.153704330325127,0.127607196569443,0.215579524636269,0.149751603603363,0.216140359640121,0.14360673725605,0.275344282388687,0.160764813423157,0.155017673969269,0.222802400588989,0.165233820676804,0.134814485907555,-0.0121212117373943,-0.14653867483139,-0.0484848469495773,-0.120262771844864,-0.167676761746407,-0.193939387798309,-0.103030301630497,-0.0969696938991547,-0.177777782082558,-0.165656566619873,-0.134411334991455,-0.202020198106766,-0.222222223877907,-0.230303034186363,-0.107070706784725,1,0.0528855323791504,0.119243860244751,0.0469092130661011,0.138401627540588,0.013923168182373,0.169066905975342,0.217631816864014,0.0487924814224243,0.143701910972595,0.255375862121582,0.0492382049560547,0.158505320549011,0.0657792091369629,0.172522068023682,0.0157382488250732,0.147667407989502,0.149343967437744,0.0527464151382446,0.116342186927795,0.22986376285553,0.914308607578278,0.158917546272278,0.645682036876678,0.248348876833916,0.106509476900101,0.0617031157016754,0.323145598173141,0.352723091840744,0.0869140028953552,0.110820047557354,0.196589976549149,0.0515729151666164,0.0321670919656754,0.0263789761811495,0.304352819919586,0,"L BLUE R NR BARNES, KS",39.72583518,-96.8047432
"49","06885500",0.0522029064595699,-0.013440327718854,-0.0207009129226208,-0.00505817495286465,0.0607083477079868,0.0433116815984249,0,0.0105212163180113,-0.031553078442812,0.0433162041008472,0.0544418171048164,-0.012426195666194,-0.0162826310843229,0.0202635172754526,0.0405087433755398,0.0344693474471569,-0.00210713176056743,-0.010539279319346,0.0132455294951797,0.0609181672334671,-0.108135432004929,-0.113131314516068,-0.0525252521038055,-0.0666666701436043,-0.0767676755785942,-0.109090909361839,-0.0888888910412788,-0.072727270424366,-0.101010099053383,-0.0525252521038055,-0.115151517093182,0.00101061153691262,-0.114199101924896,0.0141414143145084,-0.0778958946466446,1,0.635992765426636,0.90599137544632,0.869743525981903,0.96878182888031,0.606771469116211,0.69862961769104,1,0.936035871505737,0.76885861158371,0.704591751098633,0.621659517288208,0.913780987262726,0.89961177110672,0.852504849433899,0.734422206878662,0.759838342666626,0.99209189414978,0.936027407646179,0.906417369842529,0.591177940368652,0.299747258424759,0.277550876140594,0.61785101890564,0.524873673915863,0.463147431612015,0.295234173536301,0.394734978675842,0.487340688705444,0.332819789648056,0.61785101890564,0.268985390663147,1,0.273222208023071,0.898805737495422,0.457126498222351,0,"BLACK VERMILLION R NR FRANKFORT, KS",39.68194349,-96.4427888
"50","06887000",-0.0367745384573936,0.0879232063889503,-0.176241278648376,0.148559898138046,-0.119974747300148,0.174621522426605,0.173737376928329,0.0721861347556114,0.189898982644081,0.180346414446831,0.115610472857952,0.197669759392738,-0.191209077835083,0.170966312289238,-0.0919130891561508,0.159191966056824,0.215916201472282,0.0864651501178741,0.204453855752945,0.199832275509834,-0.0495199672877789,-0.240404039621353,-0.104092985391617,-0.137373730540276,-0.0505050495266914,-0.173737376928329,-0.0747474730014801,-0.163636356592178,-0.131313130259514,-0.0888888910412788,0.0989898964762688,0.151515156030655,-0.177777782082558,-0.092929296195507,-0.250505059957504,1,0.731503486633301,0.400168776512146,0.121113665401936,0.153209209442139,0.262759774923325,0.0941085815429688,0.0943713188171387,0.51435112953186,0.0673556327819824,0.0859276056289673,0.272133588790894,0.0576425790786743,0.0926518216729164,0.100245237350464,0.393865466117859,0.128939986228943,0.0380223989486694,0.435110330581665,0.0492267608642578,0.0580826997756958,0.638659536838531,0.0204270668327808,0.318354815244675,0.186630398035049,0.631701231002808,0.0943712741136551,0.475159525871277,0.11526720225811,0.206977784633636,0.394734978675842,0.342679023742676,0.144960284233093,0.0869140028953552,0.373363256454468,0.0156820174306631,0,"BIG BLUE R NR MANHATTAN, KS",39.2372186,-96.5713918
"51","06887500",0.00455192476511002,0.0336771234869957,0.1427041888237,0.0812193155288696,0.0553120486438274,0.0022473328281194,0.034979734569788,-0.0957087948918343,0.0365486927330494,-0.00585354072973132,0.0239129383116961,0.0452784597873688,0.14747953414917,0.0893412455916405,0.0580101981759071,0.025892922654748,0.0733027011156082,-0.111072547733784,0.0943693220615387,0.0129128796979785,-0.0666666701436043,-0.165656566619873,-0.0969696938991547,-0.0505050495266914,-0.0989898964762688,-0.163636356592178,-0.0808080807328224,-0.127272725105286,-0.0828282833099365,-0.0484848469495773,-0.0505050495266914,0.0121212117373943,-0.186963140964508,-0.0868686884641647,-0.060606062412262,1,0.975253820419312,0.758670568466187,0.231005907058716,0.439273595809937,0.639857769012451,0.991814017295837,0.750367522239685,0.415969491004944,0.731858253479004,0.966398656368256,0.836158752441406,0.677217245101929,0.216111421585083,0.394357681274414,0.623219609260559,0.8213951587677,0.498891592025757,0.344614952802658,0.36786687374115,0.91610836982727,0.524873673915863,0.110820047557354,0.352723091840744,0.631701231002808,0.342679083347321,0.11526720225811,0.439638823270798,0.221409037709236,0.428146213293076,0.645682036876678,0.631701231002808,0.914308547973633,0.0718554258346558,0.405692785978317,0.563833475112915,0,"KANSAS R AT WAMEGO, KS",39.19833014,-96.3055532
"52","06888350",-0.0139130651950836,0.0737624540925026,0.036543034017086,0.119389697909355,0.00483757676556706,0,0.0568165481090546,-0.0455185547471046,0.0824650526046753,-0.0293572135269642,0.004177235532552,0.103218637406826,0.0465093180537224,0.129397109150887,0.017775721848011,0.0222609043121338,0.117386341094971,-0.048657763749361,0.151962608098984,0.0056743579916656,-0.095121942460537,-0.126829251646996,-0.0512195080518723,-0.090243898332119,-0.0975609719753265,-0.180487796664238,-0.107317067682743,-0.109756089746952,-0.14634145796299,-0.0853658467531204,-0.0609756037592888,0.00243902415968478,-0.17317071557045,-0.096400260925293,-0.095121942460537,0.999999940395355,0.914193749427795,0.516347646713257,0.77433180809021,0.280053853988647,0.978726863861084,1,0.617475986480713,0.714729905128479,0.457701802253723,0.813579201698303,0.980895519256592,0.362277388572693,0.71240234375,0.241854906082153,0.893917322158813,0.857479333877563,0.293341398239136,0.695339679718018,0.166830897331238,0.971032977104187,0.387116074562073,0.247317418456078,0.645150601863861,0.412255138158798,0.374904930591583,0.0987191870808601,0.328480690717697,0.31748354434967,0.181353032588959,0.438337445259094,0.582069039344788,0.99103832244873,0.113261260092258,0.380950421094894,0.387116074562073,0,"KANSAS R NR BELVUE, KS",39.19305265,-96.1474945
"53","06888500",-0.033950537443161,-0.0135120088234544,-0.04355164244771,0.0122963469475508,-0.0604969933629036,-0.00111055595334619,0.0342997163534164,0.0494387969374657,0.0455235727131367,-0.0205554347485304,-0.040974784642458,0.0187390223145485,-0.0536020211875439,0.0615457445383072,-0.0368242561817169,0.0377819761633873,0.0385812483727932,0.0459074564278126,0.0475950874388218,-0.03340258076787,-0.0383838377892971,-0.0828282833099365,-0.030303031206131,0.0505050495266914,-0.202020198106766,-0.109090909361839,-0.0686868652701378,-0.0484848469495773,0.00404040422290564,-0.135353535413742,-0.0171803962439299,0.0434562973678112,-0.174835801124573,0.0121212117373943,-0.0647118613123894,1,0.768086731433868,0.905809581279755,0.725250005722046,0.914040565490723,0.60591447353363,1,0.752355337142944,0.690688848495483,0.666833639144897,0.865881979465485,0.720293402671814,0.866852283477783,0.662982404232025,0.562572002410889,0.756904423236847,0.73668622970581,0.722511887550354,0.712541580200195,0.652631998062134,0.778337776660919,0.71739250421524,0.428146213293076,0.776650071144104,0.631701231002808,0.0515729151666164,0.295234173536301,0.51220029592514,0.645682036876678,0.976587891578674,0.193241849541664,0.875619530677795,0.681162595748901,0.092444896697998,0.914308547973633,0.537666797637939,0,"MILL C NR PAXICO, KS",39.06472106,-96.1691605
"54","06889000",-0.0499750189483166,0.0460043698549271,0.0804030299186707,0.0893412455916405,-0.0341939553618431,-0.0134839965030551,0.0104555385187268,-0.0236581843346357,0.0365486927330494,0.0314319953322411,-0.0277638994157314,0.0954038798809052,0.0871032848954201,0.0852802842855453,-0.0368874780833721,-0.00337310810573399,0.0418674908578396,-0.0543378591537476,0.0894325599074364,0.0590921528637409,-0.0707070678472519,-0.18089947104454,-0.105050504207611,-0.030303031206131,-0.101010099053383,-0.159595966339111,-0.0828282833099365,-0.135353535413742,-0.0969696938991547,-0.0282828286290169,-0.030303031206131,0.0282828286290169,-0.189898982644081,-0.0686868652701378,-0.0202020201832056,1,0.653934359550476,0.670846581459045,0.508786916732788,0.394357681274414,0.774404168128967,0.910143435001373,0.929121136665344,0.849926173686981,0.731858253479004,0.79034423828125,0.80682110786438,0.373614311218262,0.473398685455322,0.416458368301392,0.756873488426208,0.983628034591675,0.69987416267395,0.649962663650513,0.394312381744385,0.610351204872131,0.499688446521759,0.0816246643662453,0.313656628131866,0.776650071144104,0.332819789648056,0.124581515789032,0.428146213293076,0.193241849541664,0.352723091840744,0.791685402393341,0.776650071144104,0.791685342788696,0.0673556178808212,0.51220029592514,0.852551341056824,0,"KANSAS R AT TOPEKA, KS",39.0666666,-95.6497028
"55","06889200",0.191180840134621,0.15154704451561,0.161512166261673,0.168530076742172,0.238956928253174,0.186628922820091,0.173561945557594,0.188752561807632,0.182371661067009,0.132014393806458,0.177525073289871,0.152683183550835,0.158313900232315,0.198479056358337,0.238956928253174,0.195732772350311,0.171656712889671,0.16080604493618,0.193614989519119,0.149850994348526,-0.113131314516068,-0.208080813288689,-0.159595966339111,-0.0969696938991547,-0.230303034186363,-0.197979792952538,-0.13939394056797,-0.121212124824524,-0.155555561184883,-0.181818187236786,-0.179241076111794,-0.16117687523365,-0.217281475663185,-0.14949494600296,-0.125252529978752,1,0.0842097997665405,0.156422019004822,0.177201390266418,0.10623025894165,0.0372517108917236,0.0919103622436523,0.102940559387207,0.108109831809998,0.0798147916793823,0.249289751052856,0.109003901481628,0.153525471687317,0.186023712158203,0.0574672222137451,0.0372517108917236,0.0770400762557983,0.107146501541138,0.17322301864624,0.0629562139511108,0.191102743148804,0.277550876140594,0.0449229031801224,0.124581515789032,0.352723091840744,0.0263789761811495,0.0564490966498852,0.180187553167343,0.244385078549385,0.134472668170929,0.0799398496747017,0.0850413888692856,0.122026845812798,0.0363030694425106,0.150433763861656,0.228889122605324,0,"SOLDIER C NR DELIA, KS",39.23833024,-95.8885992
"56","06889500",0.191030755639076,0.145775854587555,0.253265023231506,0.14061726629734,0.223320513963699,0.204507291316986,0.140317022800446,0.0624373443424702,0.0992912352085114,0.219899132847786,0.172673776745796,0.15946951508522,0.257017105817795,0.176113724708557,0.21499802172184,0.209526419639587,0.159025952219963,0.0704937726259232,0.14198899269104,0.237651288509369,-0.135353535413742,-0.179797977209091,-0.0808080807328224,-0.101010099053383,-0.218181818723679,-0.185858592391014,-0.167676761746407,-0.11919192224741,-0.115151517093182,-0.14949494600296,-0.191919192671776,-0.145454540848732,-0.207175374031067,-0.140475004911423,-0.0808080807328224,1,0.0927412509918213,0.168268203735352,0.0368987321853638,0.176952719688416,0.0556250810623169,0.0633082389831543,0.186400175094604,0.617871284484863,0.34247875213623,0.0580943822860718,0.129151225090027,0.132080912590027,0.034172534942627,0.0905089378356934,0.0654476881027222,0.0576267242431641,0.133927464485168,0.571811556816101,0.173691749572754,0.0406391620635986,0.193241849541664,0.0833678692579269,0.439638823270798,0.332819789648056,0.035448394715786,0.0734274759888649,0.106509476900101,0.252403259277344,0.268985390663147,0.150433763861656,0.064478263258934,0.161851465702057,0.0459678210318089,0.177008047699928,0.439638823270798,0,"SOLDIER C NR TOPEKA, KS",39.0994439,-95.7249828
"57","06890100",0.040974784642458,0.00510493852198124,-0.0529701411724091,0,0.0368242561817169,-0.0366483479738235,-0.0197483208030462,-0.00460336077958345,-0.0344130247831345,0.00789091270416975,0.0422315374016762,0.0214629024267197,-0.0529701411724091,-0.00609767436981201,0.0141434213146567,-0.0378746911883354,-0.0302068591117859,-0.00307969423010945,-0.017250306904316,0.0105212163180113,-0.00202020211145282,-0.030303031206131,-0.0747474730014801,0.00606060586869717,-0.0980293229222298,-0.0828282833099365,-0.0545454546809196,-0.0464646480977535,-0.0646464675664902,-0.0404040403664112,-0.0161616168916225,0.00606060586869717,-0.0788675844669342,0.0565656572580338,-0.0414350740611553,1,0.720293402671814,0.96872091293335,0.669090986251831,1,0.756904363632202,0.744395077228546,0.859124660491943,0.979226589202881,0.746779561042786,0.95428729057312,0.712381601333618,0.844546318054199,0.669090986251831,0.960961103439331,0.910346508026123,0.736624717712402,0.78242826461792,0.989609181880951,0.875564396381378,0.936035871505737,0.992194950580597,0.776650071144104,0.475159525871277,0.960989713668823,0.347654938697815,0.428146213293076,0.604135274887085,0.659789085388184,0.537705659866333,0.702824473381042,0.883341372013092,0.960989713668823,0.451263219118118,0.590558052062988,0.695567011833191,0,"DELAWARE R NR MUSCOTAH, KS",39.5213873,-95.532756
"58","06890900",-0.278443366289139,-0.489059776067734,-0.187649890780449,-0.45420914888382,-0.230255857110023,-0.406970649957657,-0.351705759763718,-0.171658843755722,-0.24524313211441,-0.347648918628693,-0.455185145139694,-0.494783580303192,-0.176729634404182,-0.380499482154846,-0.21780127286911,-0.465892165899277,-0.401314526796341,-0.23268660902977,-0.276337057352066,-0.44993007183075,0.0539397224783897,-0.0465116277337074,-0.0570824518799782,0.00845665950328112,-0.0200951900333166,-0.103594079613686,0.0507399588823318,-0.158562362194061,-0.0380549691617489,0.00845665950328112,0.402999728918076,0.357243984937668,0.0994183421134949,0.270006328821182,0.0616374276578426,1,0.0134946526959538,4.87904662804794e-06,0.118268147110939,1.49301613419084e-05,0.0445822030305862,0.000183788972208276,0.000884101318661124,0.150922924280167,0.0194706916809082,0.00181524839717895,3.70896050299052e-05,3.81588961317902e-06,0.141898691654205,0.000292384240310639,0.0578803420066833,1.69403301697457e-05,0.000149601124576293,0.0474936068058014,0.00853567663580179,3.93995287595317e-05,0.613039970397949,0.663625359535217,0.591919898986816,0.943557024002075,0.855530917644501,0.326551586389542,0.634523034095764,0.13180422782898,0.72333949804306,0.943557024002075,0.000134468078613281,0.000739216804504395,0.351011276245117,0.0115766525268555,0.563935995101929,0,"DELAWARE R AT PERRY, KS",39.07500017,-95.4038634
"59","06891000",0.00797097943723202,0.0763667672872543,0.123133033514023,0.0893412455916405,-0.0258815847337246,0.0314626581966877,0.0669154524803162,0.0207009129226208,0.0527925565838814,0.00351212453097105,0.01365577429533,0.108855478465557,0.0629125982522964,0.0904951095581055,-0.0407323576509953,0.0383005291223526,0.0860151425004005,-0.0057197748683393,0.10162790864706,0.0269262883812189,-0.103030301630497,-0.177777782082558,-0.121212124824524,-0.0323232337832451,-0.11919192224741,-0.157575756311417,-0.0919656530022621,-0.137373730540276,-0.101010099053383,-0.0585858598351479,-0.0778170898556709,-0.015159172937274,-0.218181818723679,-0.142496228218079,-0.0101010100916028,1,0.950528740882874,0.476687788963318,0.305098533630371,0.394357681274414,0.827174961566925,0.781769275665283,0.533511638641357,0.869743585586548,0.617570400238037,0.983195543289185,0.909444689750671,0.308635115623474,0.602526664733887,0.388877153396606,0.726816356182098,0.734877824783325,0.423237800598145,0.970647871494293,0.332387685775757,0.816778659820557,0.323145598173141,0.0869140028953552,0.244385078549385,0.761697888374329,0.252403259277344,0.129453733563423,0.378615081310272,0.186630398035049,0.332819789648056,0.577122867107391,0.45718389749527,0.891063153743744,0.035448394715786,0.170814841985703,0.929844200611115,0,"KANSAS R AT LECOMPTON, KS",39.05111157,-95.3863633
"60","06891500",-0.0547253228724003,0.0867839530110359,-0.25738987326622,0.0707070678472519,-0.187927529215813,-0.104421004652977,-0.0336925946176052,-0.149866253137589,0.0445797368884087,-0.122079566121101,0.0422355607151985,0.11645270884037,-0.248641759157181,0.0577217005193233,-0.16198742389679,-0.0964567363262177,0.049083448946476,-0.177279204130173,0.109422996640205,-0.128116592764854,-0.0161616168916225,0.0323232337832451,0.030303031206131,0.0808080807328224,0.030303031206131,-0.0404040403664112,-0.0585858598351479,-0.0525252521038055,-0.0383838377892971,0.0121212117373943,0.0404449142515659,0.133333340287209,-0.0919656530022621,-0.0090955039486289,0.0565656572580338,1,0.613251209259033,0.410244464874268,0.0281292423605919,0.499688386917114,0.0946654081344604,0.325048744678497,0.753748595714569,0.183307200670242,0.673890590667725,0.254405826330185,0.699033617973328,0.267944931983948,0.0348134152591228,0.58373236656189,0.150645554065704,0.365111619234085,0.644932270050049,0.117344573140144,0.295033693313599,0.234005600214005,0.883341372013092,0.761697888374329,0.776650071144104,0.43963885307312,0.776650071144104,0.702824473381042,0.577122867107391,0.61785101890564,0.71739250421524,0.914308547973633,0.702797412872314,0.200023770332336,0.378615081310272,0.937619388103485,0.590558052062988,0,"WAKARUSA R NR LAWRENCE, KS",38.9113923,-95.261084
"61","06892000",-0.0496055148541927,-0.0234103500843048,-0.159463167190552,-0.0353714041411877,-0.0554605387151241,-0.0877339243888855,-0.0430372133851051,-0.103853911161423,-0.036363635212183,-0.0465193539857864,-0.0507926046848297,0.00611646519973874,-0.155711099505424,-0.0060790553689003,-0.050606869161129,-0.0845572650432587,-0.0523958168923855,-0.115740202367306,-0.0101112285628915,-0.0427810065448284,-0.0262626260519028,-0.0747474730014801,-0.00202020211145282,-0.0101010100916028,-0.145454540848732,-0.0686868652701378,-0.0585858598351479,0.0242424234747887,-0.0424242429435253,-0.101010099053383,0.0343434326350689,0.047498743981123,-0.0444444455206394,0.0808898285031319,0.0171803962439299,1,0.661340713500977,0.829374849796295,0.190807059407234,0.73942506313324,0.631001472473145,0.426776766777039,0.687437653541565,0.391146272420883,0.732064068317413,0.690043807029724,0.653779864311218,0.960931181907654,0.201585292816162,0.96097856760025,0.66232568025589,0.444704979658127,0.623588919639587,0.339051425457001,0.929837465286255,0.714674711227417,0.806798696517944,0.475159525871277,0.992194950580597,0.929844200611115,0.161851465702057,0.51220029592514,0.577122867107391,0.821984529495239,0.688364863395691,0.332819789648056,0.7468341588974,0.652704477310181,0.674018144607544,0.439594984054565,0.875619530677795,0,"STRANGER C NR TONGANOXIE, KS",39.1163912,-95.0108006
"62","06892350",0.00555277988314629,0.084376610815525,0.12869493663311,0.0883711129426956,0.0357412360608578,0.04943473264575,0.0342997163534164,0.136566370725632,0.062088318169117,0.077435091137886,0.0155763383954763,0.116458341479301,0.127393990755081,0.102696694433689,0.0222344268113375,0.0494939014315605,0.0561568476259708,0.1427041888237,0.104945354163647,0.075124204158783,-0.0989898964762688,-0.189898982644081,-0.115151517093182,-0.0646464675664902,-0.12929293513298,-0.14949494600296,-0.0848484858870506,-0.143434345722198,-0.107070706784725,-0.036363635212183,-0.0576048567891121,-0.0464646480977535,-0.200202316045761,-0.120262771844864,-0.0585858598351479,1,0.967491388320923,0.42610239982605,0.27500593662262,0.399792671203613,0.759865999221802,0.655931949615479,0.752355337142944,0.25192141532898,0.556709170341492,0.497334837913513,0.894609451293945,0.271055936813354,0.280399203300476,0.32750403881073,0.852744460105896,0.655898809432983,0.601231336593628,0.231005907058716,0.317674517631531,0.511039733886719,0.342679083347321,0.0673556178808212,0.268985390663147,0.537705659866333,0.214105769991875,0.150433763861656,0.416830360889435,0.167800113558769,0.304352819919586,0.732064068317413,0.583804428577423,0.659789085388184,0.0539420805871487,0.248348876833916,0.577122867107391,0,"KANSAS R AT DESOTO, KS",38.9833375,-94.9646893
